-- Choose database
use food_nutrition;

/*
 * Intake profile scope
 */
 INSERT INTO intake_profile_scope (id, name, description) VALUES
(1, 'Male', 'Standard person of male gender'),
(2, 'Female', 'Standard person of female gender'),
(3, 'Female Pregnant', 'Female person that is pregnant')
;


/*
 * Intake profile 
 */
INSERT INTO intake_profile (id, name, description, scope_id, age) VALUES
(1,"Male 1 year(s), old",NULL,1,1),
(2,"Male 2 year(s), old",NULL,1,2),
(3,"Male 3 year(s), old",NULL,1,3),
(4,"Male 4 year(s), old",NULL,1,4),
(5,"Male 5 year(s), old",NULL,1,5),
(6,"Male 6 year(s), old",NULL,1,6),
(7,"Male 7 year(s), old",NULL,1,7),
(8,"Male 8 year(s), old",NULL,1,8),
(9,"Male 9 year(s), old",NULL,1,9),
(10,"Male 10 year(s), old",NULL,1,10),
(11,"Male 11 year(s), old",NULL,1,11),
(12,"Male 12 year(s), old",NULL,1,12),
(13,"Male 13 year(s), old",NULL,1,13),
(14,"Male 14 year(s), old",NULL,1,14),
(15,"Male 15 year(s), old",NULL,1,15),
(16,"Male 16 year(s), old",NULL,1,16),
(17,"Male 17 year(s), old",NULL,1,17),
(18,"Male 18 year(s), old",NULL,1,18),
(19,"Male 19 year(s), old",NULL,1,19),
(20,"Male 20 year(s), old",NULL,1,20),
(21,"Male 21 year(s), old",NULL,1,21),
(22,"Male 22 year(s), old",NULL,1,22),
(23,"Male 23 year(s), old",NULL,1,23),
(24,"Male 24 year(s), old",NULL,1,24),
(25,"Male 25 year(s), old",NULL,1,25),
(26,"Male 26 year(s), old",NULL,1,26),
(27,"Male 27 year(s), old",NULL,1,27),
(28,"Male 28 year(s), old",NULL,1,28),
(29,"Male 29 year(s), old",NULL,1,29),
(30,"Male 30 year(s), old",NULL,1,30),
(31,"Male 31 year(s), old",NULL,1,31),
(32,"Male 32 year(s), old",NULL,1,32),
(33,"Male 33 year(s), old",NULL,1,33),
(34,"Male 34 year(s), old",NULL,1,34),
(35,"Male 35 year(s), old",NULL,1,35),
(36,"Male 36 year(s), old",NULL,1,36),
(37,"Male 37 year(s), old",NULL,1,37),
(38,"Male 38 year(s), old",NULL,1,38),
(39,"Male 39 year(s), old",NULL,1,39),
(40,"Male 40 year(s), old",NULL,1,40),
(41,"Male 41 year(s), old",NULL,1,41),
(42,"Male 42 year(s), old",NULL,1,42),
(43,"Male 43 year(s), old",NULL,1,43),
(44,"Male 44 year(s), old",NULL,1,44),
(45,"Male 45 year(s), old",NULL,1,45),
(46,"Male 46 year(s), old",NULL,1,46),
(47,"Male 47 year(s), old",NULL,1,47),
(48,"Male 48 year(s), old",NULL,1,48),
(49,"Male 49 year(s), old",NULL,1,49),
(50,"Male 50 year(s), old",NULL,1,50),
(51,"Male 51 year(s), old",NULL,1,51),
(52,"Male 52 year(s), old",NULL,1,52),
(53,"Male 53 year(s), old",NULL,1,53),
(54,"Male 54 year(s), old",NULL,1,54),
(55,"Male 55 year(s), old",NULL,1,55),
(56,"Male 56 year(s), old",NULL,1,56),
(57,"Male 57 year(s), old",NULL,1,57),
(58,"Male 58 year(s), old",NULL,1,58),
(59,"Male 59 year(s), old",NULL,1,59),
(60,"Male 60 year(s), old",NULL,1,60),
(61,"Male 61 year(s), old",NULL,1,61),
(62,"Male 62 year(s), old",NULL,1,62),
(63,"Male 63 year(s), old",NULL,1,63),
(64,"Male 64 year(s), old",NULL,1,64),
(65,"Male 65 year(s), old",NULL,1,65),
(66,"Male 66 year(s), old",NULL,1,66),
(67,"Male 67 year(s), old",NULL,1,67),
(68,"Male 68 year(s), old",NULL,1,68),
(69,"Male 69 year(s), old",NULL,1,69),
(70,"Male 70 year(s), old",NULL,1,70),
(71,"Male 71 year(s), old",NULL,1,71),
(72,"Male 72 year(s), old",NULL,1,72),
(73,"Male 73 year(s), old",NULL,1,73),
(74,"Male 74 year(s), old",NULL,1,74),
(75,"Male 75 year(s), old",NULL,1,75),
(76,"Male 76 year(s), old",NULL,1,76),
(77,"Male 77 year(s), old",NULL,1,77),
(78,"Male 78 year(s), old",NULL,1,78),
(79,"Male 79 year(s), old",NULL,1,79),
(80,"Male 80 year(s), old",NULL,1,80),
(81,"Male 81 year(s), old",NULL,1,81),
(82,"Male 82 year(s), old",NULL,1,82),
(83,"Male 83 year(s), old",NULL,1,83),
(84,"Male 84 year(s), old",NULL,1,84),
(85,"Male 85 year(s), old",NULL,1,85),
(86,"Male 86 year(s), old",NULL,1,86),
(87,"Male 87 year(s), old",NULL,1,87),
(88,"Male 88 year(s), old",NULL,1,88),
(89,"Male 89 year(s), old",NULL,1,89),
(90,"Male 90 year(s), old",NULL,1,90),
(91,"Male 91 year(s), old",NULL,1,91),
(92,"Male 92 year(s), old",NULL,1,92),
(93,"Male 93 year(s), old",NULL,1,93),
(94,"Male 94 year(s), old",NULL,1,94),
(95,"Male 95 year(s), old",NULL,1,95),
(96,"Male 96 year(s), old",NULL,1,96),
(97,"Male 97 year(s), old",NULL,1,97),
(98,"Male 98 year(s), old",NULL,1,98),
(99,"Male 99 year(s), old",NULL,1,99),
(100,"Male 100 year(s), old",NULL,1,100),
(101,"Female 1 year(s), old",NULL,2,1),
(102,"Female 2 year(s), old",NULL,2,2),
(103,"Female 3 year(s), old",NULL,2,3),
(104,"Female 4 year(s), old",NULL,2,4),
(105,"Female 5 year(s), old",NULL,2,5),
(106,"Female 6 year(s), old",NULL,2,6),
(107,"Female 7 year(s), old",NULL,2,7),
(108,"Female 8 year(s), old",NULL,2,8),
(109,"Female 9 year(s), old",NULL,2,9),
(110,"Female 10 year(s), old",NULL,2,10),
(111,"Female 11 year(s), old",NULL,2,11),
(112,"Female 12 year(s), old",NULL,2,12),
(113,"Female 13 year(s), old",NULL,2,13),
(114,"Female 14 year(s), old",NULL,2,14),
(115,"Female 15 year(s), old",NULL,2,15),
(116,"Female 16 year(s), old",NULL,2,16),
(117,"Female 17 year(s), old",NULL,2,17),
(118,"Female 18 year(s), old",NULL,2,18),
(119,"Female 19 year(s), old",NULL,2,19),
(120,"Female 20 year(s), old",NULL,2,20),
(121,"Female 21 year(s), old",NULL,2,21),
(122,"Female 22 year(s), old",NULL,2,22),
(123,"Female 23 year(s), old",NULL,2,23),
(124,"Female 24 year(s), old",NULL,2,24),
(125,"Female 25 year(s), old",NULL,2,25),
(126,"Female 26 year(s), old",NULL,2,26),
(127,"Female 27 year(s), old",NULL,2,27),
(128,"Female 28 year(s), old",NULL,2,28),
(129,"Female 29 year(s), old",NULL,2,29),
(130,"Female 30 year(s), old",NULL,2,30),
(131,"Female 31 year(s), old",NULL,2,31),
(132,"Female 32 year(s), old",NULL,2,32),
(133,"Female 33 year(s), old",NULL,2,33),
(134,"Female 34 year(s), old",NULL,2,34),
(135,"Female 35 year(s), old",NULL,2,35),
(136,"Female 36 year(s), old",NULL,2,36),
(137,"Female 37 year(s), old",NULL,2,37),
(138,"Female 38 year(s), old",NULL,2,38),
(139,"Female 39 year(s), old",NULL,2,39),
(140,"Female 40 year(s), old",NULL,2,40),
(141,"Female 41 year(s), old",NULL,2,41),
(142,"Female 42 year(s), old",NULL,2,42),
(143,"Female 43 year(s), old",NULL,2,43),
(144,"Female 44 year(s), old",NULL,2,44),
(145,"Female 45 year(s), old",NULL,2,45),
(146,"Female 46 year(s), old",NULL,2,46),
(147,"Female 47 year(s), old",NULL,2,47),
(148,"Female 48 year(s), old",NULL,2,48),
(149,"Female 49 year(s), old",NULL,2,49),
(150,"Female 50 year(s), old",NULL,2,50),
(151,"Female 51 year(s), old",NULL,2,51),
(152,"Female 52 year(s), old",NULL,2,52),
(153,"Female 53 year(s), old",NULL,2,53),
(154,"Female 54 year(s), old",NULL,2,54),
(155,"Female 55 year(s), old",NULL,2,55),
(156,"Female 56 year(s), old",NULL,2,56),
(157,"Female 57 year(s), old",NULL,2,57),
(158,"Female 58 year(s), old",NULL,2,58),
(159,"Female 59 year(s), old",NULL,2,59),
(160,"Female 60 year(s), old",NULL,2,60),
(161,"Female 61 year(s), old",NULL,2,61),
(162,"Female 62 year(s), old",NULL,2,62),
(163,"Female 63 year(s), old",NULL,2,63),
(164,"Female 64 year(s), old",NULL,2,64),
(165,"Female 65 year(s), old",NULL,2,65),
(166,"Female 66 year(s), old",NULL,2,66),
(167,"Female 67 year(s), old",NULL,2,67),
(168,"Female 68 year(s), old",NULL,2,68),
(169,"Female 69 year(s), old",NULL,2,69),
(170,"Female 70 year(s), old",NULL,2,70),
(171,"Female 71 year(s), old",NULL,2,71),
(172,"Female 72 year(s), old",NULL,2,72),
(173,"Female 73 year(s), old",NULL,2,73),
(174,"Female 74 year(s), old",NULL,2,74),
(175,"Female 75 year(s), old",NULL,2,75),
(176,"Female 76 year(s), old",NULL,2,76),
(177,"Female 77 year(s), old",NULL,2,77),
(178,"Female 78 year(s), old",NULL,2,78),
(179,"Female 79 year(s), old",NULL,2,79),
(180,"Female 80 year(s), old",NULL,2,80),
(181,"Female 81 year(s), old",NULL,2,81),
(182,"Female 82 year(s), old",NULL,2,82),
(183,"Female 83 year(s), old",NULL,2,83),
(184,"Female 84 year(s), old",NULL,2,84),
(185,"Female 85 year(s), old",NULL,2,85),
(186,"Female 86 year(s), old",NULL,2,86),
(187,"Female 87 year(s), old",NULL,2,87),
(188,"Female 88 year(s), old",NULL,2,88),
(189,"Female 89 year(s), old",NULL,2,89),
(190,"Female 90 year(s), old",NULL,2,90),
(191,"Female 91 year(s), old",NULL,2,91),
(192,"Female 92 year(s), old",NULL,2,92),
(193,"Female 93 year(s), old",NULL,2,93),
(194,"Female 94 year(s), old",NULL,2,94),
(195,"Female 95 year(s), old",NULL,2,95),
(196,"Female 96 year(s), old",NULL,2,96),
(197,"Female 97 year(s), old",NULL,2,97),
(198,"Female 98 year(s), old",NULL,2,98),
(199,"Female 99 year(s), old",NULL,2,99),
(200,"Female 100 year(s), old",NULL,2,100),
(201,"Pregnant Female 1 year(s), old",NULL,3,1),
(202,"Pregnant Female 2 year(s), old",NULL,3,2),
(203,"Pregnant Female 3 year(s), old",NULL,3,3),
(204,"Pregnant Female 4 year(s), old",NULL,3,4),
(205,"Pregnant Female 5 year(s), old",NULL,3,5),
(206,"Pregnant Female 6 year(s), old",NULL,3,6),
(207,"Pregnant Female 7 year(s), old",NULL,3,7),
(208,"Pregnant Female 8 year(s), old",NULL,3,8),
(209,"Pregnant Female 9 year(s), old",NULL,3,9),
(210,"Pregnant Female 10 year(s), old",NULL,3,10),
(211,"Pregnant Female 11 year(s), old",NULL,3,11),
(212,"Pregnant Female 12 year(s), old",NULL,3,12),
(213,"Pregnant Female 13 year(s), old",NULL,3,13),
(214,"Pregnant Female 14 year(s), old",NULL,3,14),
(215,"Pregnant Female 15 year(s), old",NULL,3,15),
(216,"Pregnant Female 16 year(s), old",NULL,3,16),
(217,"Pregnant Female 17 year(s), old",NULL,3,17),
(218,"Pregnant Female 18 year(s), old",NULL,3,18),
(219,"Pregnant Female 19 year(s), old",NULL,3,19),
(220,"Pregnant Female 20 year(s), old",NULL,3,20),
(221,"Pregnant Female 21 year(s), old",NULL,3,21),
(222,"Pregnant Female 22 year(s), old",NULL,3,22),
(223,"Pregnant Female 23 year(s), old",NULL,3,23),
(224,"Pregnant Female 24 year(s), old",NULL,3,24),
(225,"Pregnant Female 25 year(s), old",NULL,3,25),
(226,"Pregnant Female 26 year(s), old",NULL,3,26),
(227,"Pregnant Female 27 year(s), old",NULL,3,27),
(228,"Pregnant Female 28 year(s), old",NULL,3,28),
(229,"Pregnant Female 29 year(s), old",NULL,3,29),
(230,"Pregnant Female 30 year(s), old",NULL,3,30),
(231,"Pregnant Female 31 year(s), old",NULL,3,31),
(232,"Pregnant Female 32 year(s), old",NULL,3,32),
(233,"Pregnant Female 33 year(s), old",NULL,3,33),
(234,"Pregnant Female 34 year(s), old",NULL,3,34),
(235,"Pregnant Female 35 year(s), old",NULL,3,35),
(236,"Pregnant Female 36 year(s), old",NULL,3,36),
(237,"Pregnant Female 37 year(s), old",NULL,3,37),
(238,"Pregnant Female 38 year(s), old",NULL,3,38),
(239,"Pregnant Female 39 year(s), old",NULL,3,39),
(240,"Pregnant Female 40 year(s), old",NULL,3,40),
(241,"Pregnant Female 41 year(s), old",NULL,3,41),
(242,"Pregnant Female 42 year(s), old",NULL,3,42),
(243,"Pregnant Female 43 year(s), old",NULL,3,43),
(244,"Pregnant Female 44 year(s), old",NULL,3,44),
(245,"Pregnant Female 45 year(s), old",NULL,3,45),
(246,"Pregnant Female 46 year(s), old",NULL,3,46),
(247,"Pregnant Female 47 year(s), old",NULL,3,47),
(248,"Pregnant Female 48 year(s), old",NULL,3,48),
(249,"Pregnant Female 49 year(s), old",NULL,3,49),
(250,"Pregnant Female 50 year(s), old",NULL,3,50)
;

/*
 * Daily nutrient intake
 */
INSERT INTO daily_nutrient_intake(intake_profile_id, nutrient_id, value) VALUES
(1,401,15),
(1,415,0.5),
(1,418,0.9),
(1,605,6),
(1,324,15),
(1,430,30),
(1,309,7),
(1,306,3000),
(1,304,65),
(1,303,7),
(1,301,700),
(1,291,19),
(1,601,250),
(2,401,15),
(2,415,0.5),
(2,418,0.9),
(2,605,6),
(2,324,15),
(2,430,30),
(2,309,7),
(2,306,3000),
(2,304,65),
(2,303,7),
(2,301,700),
(2,291,19),
(2,601,250),
(3,401,15),
(3,415,0.5),
(3,418,0.9),
(3,605,6),
(3,324,15),
(3,430,30),
(3,309,7),
(3,306,3000),
(3,304,65),
(3,303,7),
(3,301,700),
(3,291,19),
(3,601,250),
(4,401,25),
(4,415,0.6),
(4,418,1.2),
(4,605,7),
(4,324,15),
(4,430,55),
(4,309,12),
(4,306,3800),
(4,304,110),
(4,303,10),
(4,301,1000),
(4,291,25),
(4,601,250),
(5,401,25),
(5,415,0.6),
(5,418,1.2),
(5,605,7),
(5,324,15),
(5,430,55),
(5,309,12),
(5,306,3800),
(5,304,110),
(5,303,10),
(5,301,1000),
(5,291,25),
(5,601,250),
(6,401,25),
(6,415,0.6),
(6,418,1.2),
(6,605,7),
(6,324,15),
(6,430,55),
(6,309,12),
(6,306,3800),
(6,304,110),
(6,303,10),
(6,301,1000),
(6,291,25),
(6,601,250),
(7,401,25),
(7,415,0.6),
(7,418,1.2),
(7,605,7),
(7,324,15),
(7,430,55),
(7,309,12),
(7,306,3800),
(7,304,110),
(7,303,10),
(7,301,1000),
(7,291,25),
(7,601,250),
(8,401,25),
(8,415,0.6),
(8,418,1.2),
(8,605,7),
(8,324,15),
(8,430,55),
(8,309,12),
(8,306,3800),
(8,304,110),
(8,303,10),
(8,301,1000),
(8,291,25),
(8,601,250),
(9,401,45),
(9,415,1),
(9,418,1.8),
(9,605,11),
(9,324,15),
(9,430,60),
(9,309,23),
(9,306,4500),
(9,304,350),
(9,303,8),
(9,301,1300),
(9,291,38),
(9,601,250),
(10,401,45),
(10,415,1),
(10,418,1.8),
(10,605,11),
(10,324,15),
(10,430,60),
(10,309,23),
(10,306,4500),
(10,304,350),
(10,303,8),
(10,301,1300),
(10,291,38),
(10,601,250),
(11,401,45),
(11,415,1),
(11,418,1.8),
(11,605,11),
(11,324,15),
(11,430,60),
(11,309,23),
(11,306,4500),
(11,304,350),
(11,303,8),
(11,301,1300),
(11,291,38),
(11,601,250),
(12,401,45),
(12,415,1),
(12,418,1.8),
(12,605,11),
(12,324,15),
(12,430,60),
(12,309,23),
(12,306,4500),
(12,304,350),
(12,303,8),
(12,301,1300),
(12,291,38),
(12,601,250),
(13,401,45),
(13,415,1),
(13,418,1.8),
(13,605,11),
(13,324,15),
(13,430,60),
(13,309,23),
(13,306,4500),
(13,304,350),
(13,303,8),
(13,301,1300),
(13,291,38),
(13,601,250),
(14,401,75),
(14,415,1.3),
(14,418,2.4),
(14,605,15),
(14,324,15),
(14,430,75),
(14,309,34),
(14,306,4700),
(14,304,350),
(14,303,11),
(14,301,1300),
(14,291,30),
(14,601,250),
(15,401,75),
(15,415,1.3),
(15,418,2.4),
(15,605,15),
(15,324,15),
(15,430,75),
(15,309,34),
(15,306,4700),
(15,304,350),
(15,303,11),
(15,301,1300),
(15,291,30),
(15,601,250),
(16,401,75),
(16,415,1.3),
(16,418,2.4),
(16,605,15),
(16,324,15),
(16,430,75),
(16,309,34),
(16,306,4700),
(16,304,350),
(16,303,11),
(16,301,1300),
(16,291,30),
(16,601,250),
(17,401,75),
(17,415,1.3),
(17,418,2.4),
(17,605,15),
(17,324,15),
(17,430,75),
(17,309,34),
(17,306,4700),
(17,304,350),
(17,303,11),
(17,301,1300),
(17,291,30),
(17,601,250),
(18,401,75),
(18,415,1.3),
(18,418,2.4),
(18,605,15),
(18,324,15),
(18,430,75),
(18,309,34),
(18,306,4700),
(18,304,350),
(18,303,11),
(18,301,1300),
(18,291,30),
(18,601,250),
(19,401,90),
(19,415,1.7),
(19,418,2.4),
(19,605,15),
(19,324,20),
(19,430,120),
(19,309,40),
(19,306,4700),
(19,304,350),
(19,303,8),
(19,301,1000),
(19,291,30),
(19,601,250),
(20,401,90),
(20,415,1.7),
(20,418,2.4),
(20,605,15),
(20,324,20),
(20,430,120),
(20,309,40),
(20,306,4700),
(20,304,350),
(20,303,8),
(20,301,1000),
(20,291,30),
(20,601,250),
(21,401,90),
(21,415,1.7),
(21,418,2.4),
(21,605,15),
(21,324,20),
(21,430,120),
(21,309,40),
(21,306,4700),
(21,304,350),
(21,303,8),
(21,301,1000),
(21,291,30),
(21,601,250),
(22,401,90),
(22,415,1.7),
(22,418,2.4),
(22,605,15),
(22,324,20),
(22,430,120),
(22,309,40),
(22,306,4700),
(22,304,350),
(22,303,8),
(22,301,1000),
(22,291,30),
(22,601,250),
(23,401,90),
(23,415,1.7),
(23,418,2.4),
(23,605,15),
(23,324,20),
(23,430,120),
(23,309,40),
(23,306,4700),
(23,304,350),
(23,303,8),
(23,301,1000),
(23,291,30),
(23,601,250),
(24,401,90),
(24,415,1.7),
(24,418,2.4),
(24,605,15),
(24,324,20),
(24,430,120),
(24,309,40),
(24,306,4700),
(24,304,350),
(24,303,8),
(24,301,1000),
(24,291,30),
(24,601,250),
(25,401,90),
(25,415,1.7),
(25,418,2.4),
(25,605,15),
(25,324,20),
(25,430,120),
(25,309,40),
(25,306,4700),
(25,304,350),
(25,303,8),
(25,301,1000),
(25,291,30),
(25,601,250),
(26,401,90),
(26,415,1.7),
(26,418,2.4),
(26,605,15),
(26,324,20),
(26,430,120),
(26,309,40),
(26,306,4700),
(26,304,350),
(26,303,8),
(26,301,1000),
(26,291,30),
(26,601,250),
(27,401,90),
(27,415,1.7),
(27,418,2.4),
(27,605,15),
(27,324,20),
(27,430,120),
(27,309,40),
(27,306,4700),
(27,304,350),
(27,303,8),
(27,301,1000),
(27,291,30),
(27,601,250),
(28,401,90),
(28,415,1.7),
(28,418,2.4),
(28,605,15),
(28,324,20),
(28,430,120),
(28,309,40),
(28,306,4700),
(28,304,350),
(28,303,8),
(28,301,1000),
(28,291,30),
(28,601,250),
(29,401,90),
(29,415,1.7),
(29,418,2.4),
(29,605,15),
(29,324,20),
(29,430,120),
(29,309,40),
(29,306,4700),
(29,304,350),
(29,303,8),
(29,301,1000),
(29,291,30),
(29,601,250),
(30,401,90),
(30,415,1.7),
(30,418,2.4),
(30,605,15),
(30,324,20),
(30,430,120),
(30,309,40),
(30,306,4700),
(30,304,350),
(30,303,8),
(30,301,1000),
(30,291,30),
(30,601,250),
(31,401,90),
(31,415,1.7),
(31,418,2.4),
(31,605,15),
(31,324,20),
(31,430,120),
(31,309,40),
(31,306,4700),
(31,304,350),
(31,303,8),
(31,301,1000),
(31,291,30),
(31,601,250),
(32,401,90),
(32,415,1.7),
(32,418,2.4),
(32,605,15),
(32,324,20),
(32,430,120),
(32,309,40),
(32,306,4700),
(32,304,350),
(32,303,8),
(32,301,1000),
(32,291,30),
(32,601,250),
(33,401,90),
(33,415,1.7),
(33,418,2.4),
(33,605,15),
(33,324,20),
(33,430,120),
(33,309,40),
(33,306,4700),
(33,304,350),
(33,303,8),
(33,301,1000),
(33,291,30),
(33,601,250),
(34,401,90),
(34,415,1.7),
(34,418,2.4),
(34,605,15),
(34,324,20),
(34,430,120),
(34,309,40),
(34,306,4700),
(34,304,350),
(34,303,8),
(34,301,1000),
(34,291,30),
(34,601,250),
(35,401,90),
(35,415,1.7),
(35,418,2.4),
(35,605,15),
(35,324,20),
(35,430,120),
(35,309,40),
(35,306,4700),
(35,304,350),
(35,303,8),
(35,301,1000),
(35,291,30),
(35,601,250),
(36,401,90),
(36,415,1.7),
(36,418,2.4),
(36,605,15),
(36,324,20),
(36,430,120),
(36,309,40),
(36,306,4700),
(36,304,350),
(36,303,8),
(36,301,1000),
(36,291,30),
(36,601,250),
(37,401,90),
(37,415,1.7),
(37,418,2.4),
(37,605,15),
(37,324,20),
(37,430,120),
(37,309,40),
(37,306,4700),
(37,304,350),
(37,303,8),
(37,301,1000),
(37,291,30),
(37,601,250),
(38,401,90),
(38,415,1.7),
(38,418,2.4),
(38,605,15),
(38,324,20),
(38,430,120),
(38,309,40),
(38,306,4700),
(38,304,350),
(38,303,8),
(38,301,1000),
(38,291,30),
(38,601,250),
(39,401,90),
(39,415,1.7),
(39,418,2.4),
(39,605,15),
(39,324,20),
(39,430,120),
(39,309,40),
(39,306,4700),
(39,304,350),
(39,303,8),
(39,301,1000),
(39,291,30),
(39,601,250),
(40,401,90),
(40,415,1.7),
(40,418,2.4),
(40,605,15),
(40,324,20),
(40,430,120),
(40,309,40),
(40,306,4700),
(40,304,350),
(40,303,8),
(40,301,1000),
(40,291,30),
(40,601,250),
(41,401,90),
(41,415,1.7),
(41,418,2.4),
(41,605,15),
(41,324,20),
(41,430,120),
(41,309,40),
(41,306,4700),
(41,304,350),
(41,303,8),
(41,301,1000),
(41,291,30),
(41,601,250),
(42,401,90),
(42,415,1.7),
(42,418,2.4),
(42,605,15),
(42,324,20),
(42,430,120),
(42,309,40),
(42,306,4700),
(42,304,350),
(42,303,8),
(42,301,1000),
(42,291,30),
(42,601,250),
(43,401,90),
(43,415,1.7),
(43,418,2.4),
(43,605,15),
(43,324,20),
(43,430,120),
(43,309,40),
(43,306,4700),
(43,304,350),
(43,303,8),
(43,301,1000),
(43,291,30),
(43,601,250),
(44,401,90),
(44,415,1.7),
(44,418,2.4),
(44,605,15),
(44,324,20),
(44,430,120),
(44,309,40),
(44,306,4700),
(44,304,350),
(44,303,8),
(44,301,1000),
(44,291,30),
(44,601,250),
(45,401,90),
(45,415,1.7),
(45,418,2.4),
(45,605,15),
(45,324,20),
(45,430,120),
(45,309,40),
(45,306,4700),
(45,304,350),
(45,303,8),
(45,301,1000),
(45,291,30),
(45,601,250),
(46,401,90),
(46,415,1.7),
(46,418,2.4),
(46,605,15),
(46,324,20),
(46,430,120),
(46,309,40),
(46,306,4700),
(46,304,350),
(46,303,8),
(46,301,1000),
(46,291,30),
(46,601,250),
(47,401,90),
(47,415,1.7),
(47,418,2.4),
(47,605,15),
(47,324,20),
(47,430,120),
(47,309,40),
(47,306,4700),
(47,304,350),
(47,303,8),
(47,301,1000),
(47,291,30),
(47,601,250),
(48,401,90),
(48,415,1.7),
(48,418,2.4),
(48,605,15),
(48,324,20),
(48,430,120),
(48,309,40),
(48,306,4700),
(48,304,350),
(48,303,8),
(48,301,1000),
(48,291,30),
(48,601,250),
(49,401,90),
(49,415,1.7),
(49,418,2.4),
(49,605,15),
(49,324,20),
(49,430,120),
(49,309,40),
(49,306,4700),
(49,304,350),
(49,303,8),
(49,301,1000),
(49,291,30),
(49,601,250),
(50,401,90),
(50,415,1.7),
(50,418,2.4),
(50,605,15),
(50,324,20),
(50,430,120),
(50,309,40),
(50,306,4700),
(50,304,350),
(50,303,8),
(50,301,1000),
(50,291,30),
(50,601,250),
(51,401,90),
(51,415,1.7),
(51,418,2.4),
(51,605,15),
(51,324,20),
(51,430,120),
(51,309,40),
(51,306,4700),
(51,304,350),
(51,303,8),
(51,301,1000),
(51,291,30),
(51,601,250),
(52,401,90),
(52,415,1.7),
(52,418,2.4),
(52,605,15),
(52,324,20),
(52,430,120),
(52,309,40),
(52,306,4700),
(52,304,350),
(52,303,8),
(52,301,1000),
(52,291,30),
(52,601,250),
(53,401,90),
(53,415,1.7),
(53,418,2.4),
(53,605,15),
(53,324,20),
(53,430,120),
(53,309,40),
(53,306,4700),
(53,304,350),
(53,303,8),
(53,301,1000),
(53,291,30),
(53,601,250),
(54,401,90),
(54,415,1.7),
(54,418,2.4),
(54,605,15),
(54,324,20),
(54,430,120),
(54,309,40),
(54,306,4700),
(54,304,350),
(54,303,8),
(54,301,1000),
(54,291,30),
(54,601,250),
(55,401,90),
(55,415,1.7),
(55,418,2.4),
(55,605,15),
(55,324,20),
(55,430,120),
(55,309,40),
(55,306,4700),
(55,304,350),
(55,303,8),
(55,301,1000),
(55,291,30),
(55,601,250),
(56,401,90),
(56,415,1.7),
(56,418,2.4),
(56,605,15),
(56,324,20),
(56,430,120),
(56,309,40),
(56,306,4700),
(56,304,350),
(56,303,8),
(56,301,1000),
(56,291,30),
(56,601,250),
(57,401,90),
(57,415,1.7),
(57,418,2.4),
(57,605,15),
(57,324,20),
(57,430,120),
(57,309,40),
(57,306,4700),
(57,304,350),
(57,303,8),
(57,301,1000),
(57,291,30),
(57,601,250),
(58,401,90),
(58,415,1.7),
(58,418,2.4),
(58,605,15),
(58,324,20),
(58,430,120),
(58,309,40),
(58,306,4700),
(58,304,350),
(58,303,8),
(58,301,1000),
(58,291,30),
(58,601,250),
(59,401,90),
(59,415,1.7),
(59,418,2.4),
(59,605,15),
(59,324,20),
(59,430,120),
(59,309,40),
(59,306,4700),
(59,304,350),
(59,303,8),
(59,301,1000),
(59,291,30),
(59,601,250),
(60,401,90),
(60,415,1.7),
(60,418,2.4),
(60,605,15),
(60,324,20),
(60,430,120),
(60,309,40),
(60,306,4700),
(60,304,350),
(60,303,8),
(60,301,1000),
(60,291,30),
(60,601,250),
(61,401,90),
(61,415,1.7),
(61,418,2.4),
(61,605,15),
(61,324,20),
(61,430,120),
(61,309,40),
(61,306,4700),
(61,304,350),
(61,303,8),
(61,301,1000),
(61,291,30),
(61,601,250),
(62,401,90),
(62,415,1.7),
(62,418,2.4),
(62,605,15),
(62,324,20),
(62,430,120),
(62,309,40),
(62,306,4700),
(62,304,350),
(62,303,8),
(62,301,1000),
(62,291,30),
(62,601,250),
(63,401,90),
(63,415,1.7),
(63,418,2.4),
(63,605,15),
(63,324,20),
(63,430,120),
(63,309,40),
(63,306,4700),
(63,304,350),
(63,303,8),
(63,301,1000),
(63,291,30),
(63,601,250),
(64,401,90),
(64,415,1.7),
(64,418,2.4),
(64,605,15),
(64,324,20),
(64,430,120),
(64,309,40),
(64,306,4700),
(64,304,350),
(64,303,8),
(64,301,1000),
(64,291,30),
(64,601,250),
(65,401,90),
(65,415,1.7),
(65,418,2.4),
(65,605,15),
(65,324,20),
(65,430,120),
(65,309,40),
(65,306,4700),
(65,304,350),
(65,303,8),
(65,301,1000),
(65,291,30),
(65,601,250),
(66,401,90),
(66,415,1.7),
(66,418,2.4),
(66,605,15),
(66,324,20),
(66,430,120),
(66,309,40),
(66,306,4700),
(66,304,350),
(66,303,8),
(66,301,1000),
(66,291,30),
(66,601,250),
(67,401,90),
(67,415,1.7),
(67,418,2.4),
(67,605,15),
(67,324,20),
(67,430,120),
(67,309,40),
(67,306,4700),
(67,304,350),
(67,303,8),
(67,301,1000),
(67,291,30),
(67,601,250),
(68,401,90),
(68,415,1.7),
(68,418,2.4),
(68,605,15),
(68,324,20),
(68,430,120),
(68,309,40),
(68,306,4700),
(68,304,350),
(68,303,8),
(68,301,1000),
(68,291,30),
(68,601,250),
(69,401,90),
(69,415,1.7),
(69,418,2.4),
(69,605,15),
(69,324,20),
(69,430,120),
(69,309,40),
(69,306,4700),
(69,304,350),
(69,303,8),
(69,301,1000),
(69,291,30),
(69,601,250),
(70,401,90),
(70,415,1.7),
(70,418,2.4),
(70,605,15),
(70,324,20),
(70,430,120),
(70,309,40),
(70,306,4700),
(70,304,350),
(70,303,8),
(70,301,1000),
(70,291,30),
(70,601,250),
(71,401,90),
(71,415,1.7),
(71,418,2.4),
(71,605,15),
(71,324,20),
(71,430,120),
(71,309,40),
(71,306,4700),
(71,304,350),
(71,303,8),
(71,301,1000),
(71,291,30),
(71,601,250),
(72,401,90),
(72,415,1.7),
(72,418,2.4),
(72,605,15),
(72,324,20),
(72,430,120),
(72,309,40),
(72,306,4700),
(72,304,350),
(72,303,8),
(72,301,1000),
(72,291,30),
(72,601,250),
(73,401,90),
(73,415,1.7),
(73,418,2.4),
(73,605,15),
(73,324,20),
(73,430,120),
(73,309,40),
(73,306,4700),
(73,304,350),
(73,303,8),
(73,301,1000),
(73,291,30),
(73,601,250),
(74,401,90),
(74,415,1.7),
(74,418,2.4),
(74,605,15),
(74,324,20),
(74,430,120),
(74,309,40),
(74,306,4700),
(74,304,350),
(74,303,8),
(74,301,1000),
(74,291,30),
(74,601,250),
(75,401,90),
(75,415,1.7),
(75,418,2.4),
(75,605,15),
(75,324,20),
(75,430,120),
(75,309,40),
(75,306,4700),
(75,304,350),
(75,303,8),
(75,301,1000),
(75,291,30),
(75,601,250),
(76,401,90),
(76,415,1.7),
(76,418,2.4),
(76,605,15),
(76,324,20),
(76,430,120),
(76,309,40),
(76,306,4700),
(76,304,350),
(76,303,8),
(76,301,1000),
(76,291,30),
(76,601,250),
(77,401,90),
(77,415,1.7),
(77,418,2.4),
(77,605,15),
(77,324,20),
(77,430,120),
(77,309,40),
(77,306,4700),
(77,304,350),
(77,303,8),
(77,301,1000),
(77,291,30),
(77,601,250),
(78,401,90),
(78,415,1.7),
(78,418,2.4),
(78,605,15),
(78,324,20),
(78,430,120),
(78,309,40),
(78,306,4700),
(78,304,350),
(78,303,8),
(78,301,1000),
(78,291,30),
(78,601,250),
(79,401,90),
(79,415,1.7),
(79,418,2.4),
(79,605,15),
(79,324,20),
(79,430,120),
(79,309,40),
(79,306,4700),
(79,304,350),
(79,303,8),
(79,301,1000),
(79,291,30),
(79,601,250),
(80,401,90),
(80,415,1.7),
(80,418,2.4),
(80,605,15),
(80,324,20),
(80,430,120),
(80,309,40),
(80,306,4700),
(80,304,350),
(80,303,8),
(80,301,1000),
(80,291,30),
(80,601,250),
(81,401,90),
(81,415,1.7),
(81,418,2.4),
(81,605,15),
(81,324,20),
(81,430,120),
(81,309,40),
(81,306,4700),
(81,304,350),
(81,303,8),
(81,301,1000),
(81,291,30),
(81,601,250),
(82,401,90),
(82,415,1.7),
(82,418,2.4),
(82,605,15),
(82,324,20),
(82,430,120),
(82,309,40),
(82,306,4700),
(82,304,350),
(82,303,8),
(82,301,1000),
(82,291,30),
(82,601,250),
(83,401,90),
(83,415,1.7),
(83,418,2.4),
(83,605,15),
(83,324,20),
(83,430,120),
(83,309,40),
(83,306,4700),
(83,304,350),
(83,303,8),
(83,301,1000),
(83,291,30),
(83,601,250),
(84,401,90),
(84,415,1.7),
(84,418,2.4),
(84,605,15),
(84,324,20),
(84,430,120),
(84,309,40),
(84,306,4700),
(84,304,350),
(84,303,8),
(84,301,1000),
(84,291,30),
(84,601,250),
(85,401,90),
(85,415,1.7),
(85,418,2.4),
(85,605,15),
(85,324,20),
(85,430,120),
(85,309,40),
(85,306,4700),
(85,304,350),
(85,303,8),
(85,301,1000),
(85,291,30),
(85,601,250),
(86,401,90),
(86,415,1.7),
(86,418,2.4),
(86,605,15),
(86,324,20),
(86,430,120),
(86,309,40),
(86,306,4700),
(86,304,350),
(86,303,8),
(86,301,1000),
(86,291,30),
(86,601,250),
(87,401,90),
(87,415,1.7),
(87,418,2.4),
(87,605,15),
(87,324,20),
(87,430,120),
(87,309,40),
(87,306,4700),
(87,304,350),
(87,303,8),
(87,301,1000),
(87,291,30),
(87,601,250),
(88,401,90),
(88,415,1.7),
(88,418,2.4),
(88,605,15),
(88,324,20),
(88,430,120),
(88,309,40),
(88,306,4700),
(88,304,350),
(88,303,8),
(88,301,1000),
(88,291,30),
(88,601,250),
(89,401,90),
(89,415,1.7),
(89,418,2.4),
(89,605,15),
(89,324,20),
(89,430,120),
(89,309,40),
(89,306,4700),
(89,304,350),
(89,303,8),
(89,301,1000),
(89,291,30),
(89,601,250),
(90,401,90),
(90,415,1.7),
(90,418,2.4),
(90,605,15),
(90,324,20),
(90,430,120),
(90,309,40),
(90,306,4700),
(90,304,350),
(90,303,8),
(90,301,1000),
(90,291,30),
(90,601,250),
(91,401,90),
(91,415,1.7),
(91,418,2.4),
(91,605,15),
(91,324,20),
(91,430,120),
(91,309,40),
(91,306,4700),
(91,304,350),
(91,303,8),
(91,301,1000),
(91,291,30),
(91,601,250),
(92,401,90),
(92,415,1.7),
(92,418,2.4),
(92,605,15),
(92,324,20),
(92,430,120),
(92,309,40),
(92,306,4700),
(92,304,350),
(92,303,8),
(92,301,1000),
(92,291,30),
(92,601,250),
(93,401,90),
(93,415,1.7),
(93,418,2.4),
(93,605,15),
(93,324,20),
(93,430,120),
(93,309,40),
(93,306,4700),
(93,304,350),
(93,303,8),
(93,301,1000),
(93,291,30),
(93,601,250),
(94,401,90),
(94,415,1.7),
(94,418,2.4),
(94,605,15),
(94,324,20),
(94,430,120),
(94,309,40),
(94,306,4700),
(94,304,350),
(94,303,8),
(94,301,1000),
(94,291,30),
(94,601,250),
(95,401,90),
(95,415,1.7),
(95,418,2.4),
(95,605,15),
(95,324,20),
(95,430,120),
(95,309,40),
(95,306,4700),
(95,304,350),
(95,303,8),
(95,301,1000),
(95,291,30),
(95,601,250),
(96,401,90),
(96,415,1.7),
(96,418,2.4),
(96,605,15),
(96,324,20),
(96,430,120),
(96,309,40),
(96,306,4700),
(96,304,350),
(96,303,8),
(96,301,1000),
(96,291,30),
(96,601,250),
(97,401,90),
(97,415,1.7),
(97,418,2.4),
(97,605,15),
(97,324,20),
(97,430,120),
(97,309,40),
(97,306,4700),
(97,304,350),
(97,303,8),
(97,301,1000),
(97,291,30),
(97,601,250),
(98,401,90),
(98,415,1.7),
(98,418,2.4),
(98,605,15),
(98,324,20),
(98,430,120),
(98,309,40),
(98,306,4700),
(98,304,350),
(98,303,8),
(98,301,1000),
(98,291,30),
(98,601,250),
(99,401,90),
(99,415,1.7),
(99,418,2.4),
(99,605,15),
(99,324,20),
(99,430,120),
(99,309,40),
(99,306,4700),
(99,304,350),
(99,303,8),
(99,301,1000),
(99,291,30),
(99,601,250),
(100,401,90),
(100,415,1.7),
(100,418,2.4),
(100,605,15),
(100,324,20),
(100,430,120),
(100,309,40),
(100,306,4700),
(100,304,350),
(100,303,8),
(100,301,1000),
(100,291,30),
(100,601,250),
(101,401,15),
(101,415,0.5),
(101,418,0.9),
(101,605,6),
(101,324,15),
(101,430,30),
(101,309,7),
(101,306,3000),
(101,304,65),
(101,303,7),
(101,301,700),
(101,291,19),
(101,601,250),
(102,401,15),
(102,415,0.5),
(102,418,0.9),
(102,605,6),
(102,324,15),
(102,430,30),
(102,309,7),
(102,306,3000),
(102,304,65),
(102,303,7),
(102,301,700),
(102,291,19),
(102,601,250),
(103,401,15),
(103,415,0.5),
(103,418,0.9),
(103,605,6),
(103,324,15),
(103,430,30),
(103,309,7),
(103,306,3000),
(103,304,65),
(103,303,7),
(103,301,700),
(103,291,19),
(103,601,250),
(104,401,25),
(104,415,0.6),
(104,418,1.2),
(104,605,7),
(104,324,15),
(104,430,55),
(104,309,12),
(104,306,3800),
(104,304,110),
(104,303,10),
(104,301,1000),
(104,291,25),
(104,601,250),
(105,401,25),
(105,415,0.6),
(105,418,1.2),
(105,605,7),
(105,324,15),
(105,430,55),
(105,309,12),
(105,306,3800),
(105,304,110),
(105,303,10),
(105,301,1000),
(105,291,25),
(105,601,250),
(106,401,25),
(106,415,0.6),
(106,418,1.2),
(106,605,7),
(106,324,15),
(106,430,55),
(106,309,12),
(106,306,3800),
(106,304,110),
(106,303,10),
(106,301,1000),
(106,291,25),
(106,601,250),
(107,401,25),
(107,415,0.6),
(107,418,1.2),
(107,605,7),
(107,324,15),
(107,430,55),
(107,309,12),
(107,306,3800),
(107,304,110),
(107,303,10),
(107,301,1000),
(107,291,25),
(107,601,250),
(108,401,25),
(108,415,0.6),
(108,418,1.2),
(108,605,7),
(108,324,15),
(108,430,55),
(108,309,12),
(108,306,3800),
(108,304,110),
(108,303,10),
(108,301,1000),
(108,291,25),
(108,601,250),
(109,401,45),
(109,415,1),
(109,418,1.8),
(109,605,11),
(109,324,15),
(109,430,60),
(109,309,23),
(109,306,4500),
(109,304,350),
(109,303,8),
(109,301,1300),
(109,291,25),
(109,601,250),
(110,401,45),
(110,415,1),
(110,418,1.8),
(110,605,11),
(110,324,15),
(110,430,60),
(110,309,23),
(110,306,4500),
(110,304,350),
(110,303,8),
(110,301,1300),
(110,291,25),
(110,601,250),
(111,401,45),
(111,415,1),
(111,418,1.8),
(111,605,11),
(111,324,15),
(111,430,60),
(111,309,23),
(111,306,4500),
(111,304,350),
(111,303,8),
(111,301,1300),
(111,291,25),
(111,601,250),
(112,401,45),
(112,415,1),
(112,418,1.8),
(112,605,11),
(112,324,15),
(112,430,60),
(112,309,23),
(112,306,4500),
(112,304,350),
(112,303,8),
(112,301,1300),
(112,291,25),
(112,601,250),
(113,401,45),
(113,415,1),
(113,418,1.8),
(113,605,11),
(113,324,15),
(113,430,60),
(113,309,23),
(113,306,4500),
(113,304,350),
(113,303,8),
(113,301,1300),
(113,291,25),
(113,601,250),
(114,401,65),
(114,415,1.3),
(114,418,2.4),
(114,605,15),
(114,324,15),
(114,430,75),
(114,309,34),
(114,306,4700),
(114,304,350),
(114,303,15),
(114,301,1300),
(114,291,21),
(114,601,250),
(115,401,65),
(115,415,1.3),
(115,418,2.4),
(115,605,15),
(115,324,15),
(115,430,75),
(115,309,34),
(115,306,4700),
(115,304,350),
(115,303,15),
(115,301,1300),
(115,291,21),
(115,601,250),
(116,401,65),
(116,415,1.3),
(116,418,2.4),
(116,605,15),
(116,324,15),
(116,430,75),
(116,309,34),
(116,306,4700),
(116,304,350),
(116,303,15),
(116,301,1300),
(116,291,21),
(116,601,250),
(117,401,65),
(117,415,1.3),
(117,418,2.4),
(117,605,15),
(117,324,15),
(117,430,75),
(117,309,34),
(117,306,4700),
(117,304,350),
(117,303,15),
(117,301,1300),
(117,291,21),
(117,601,250),
(118,401,65),
(118,415,1.3),
(118,418,2.4),
(118,605,15),
(118,324,15),
(118,430,75),
(118,309,34),
(118,306,4700),
(118,304,350),
(118,303,15),
(118,301,1300),
(118,291,21),
(118,601,250),
(119,401,75),
(119,415,1.5),
(119,418,2.4),
(119,605,15),
(119,324,20),
(119,430,90),
(119,309,40),
(119,306,4700),
(119,304,350),
(119,303,18),
(119,301,1000),
(119,291,21),
(119,601,250),
(120,401,75),
(120,415,1.5),
(120,418,2.4),
(120,605,15),
(120,324,20),
(120,430,90),
(120,309,40),
(120,306,4700),
(120,304,350),
(120,303,18),
(120,301,1000),
(120,291,21),
(120,601,250),
(121,401,75),
(121,415,1.5),
(121,418,2.4),
(121,605,15),
(121,324,20),
(121,430,90),
(121,309,40),
(121,306,4700),
(121,304,350),
(121,303,18),
(121,301,1000),
(121,291,21),
(121,601,250),
(122,401,75),
(122,415,1.5),
(122,418,2.4),
(122,605,15),
(122,324,20),
(122,430,90),
(122,309,40),
(122,306,4700),
(122,304,350),
(122,303,18),
(122,301,1000),
(122,291,21),
(122,601,250),
(123,401,75),
(123,415,1.5),
(123,418,2.4),
(123,605,15),
(123,324,20),
(123,430,90),
(123,309,40),
(123,306,4700),
(123,304,350),
(123,303,18),
(123,301,1000),
(123,291,21),
(123,601,250),
(124,401,75),
(124,415,1.5),
(124,418,2.4),
(124,605,15),
(124,324,20),
(124,430,90),
(124,309,40),
(124,306,4700),
(124,304,350),
(124,303,18),
(124,301,1000),
(124,291,21),
(124,601,250),
(125,401,75),
(125,415,1.5),
(125,418,2.4),
(125,605,15),
(125,324,20),
(125,430,90),
(125,309,40),
(125,306,4700),
(125,304,350),
(125,303,18),
(125,301,1000),
(125,291,21),
(125,601,250),
(126,401,75),
(126,415,1.5),
(126,418,2.4),
(126,605,15),
(126,324,20),
(126,430,90),
(126,309,40),
(126,306,4700),
(126,304,350),
(126,303,18),
(126,301,1000),
(126,291,21),
(126,601,250),
(127,401,75),
(127,415,1.5),
(127,418,2.4),
(127,605,15),
(127,324,20),
(127,430,90),
(127,309,40),
(127,306,4700),
(127,304,350),
(127,303,18),
(127,301,1000),
(127,291,21),
(127,601,250),
(128,401,75),
(128,415,1.5),
(128,418,2.4),
(128,605,15),
(128,324,20),
(128,430,90),
(128,309,40),
(128,306,4700),
(128,304,350),
(128,303,18),
(128,301,1000),
(128,291,21),
(128,601,250),
(129,401,75),
(129,415,1.5),
(129,418,2.4),
(129,605,15),
(129,324,20),
(129,430,90),
(129,309,40),
(129,306,4700),
(129,304,350),
(129,303,18),
(129,301,1000),
(129,291,21),
(129,601,250),
(130,401,75),
(130,415,1.5),
(130,418,2.4),
(130,605,15),
(130,324,20),
(130,430,90),
(130,309,40),
(130,306,4700),
(130,304,350),
(130,303,18),
(130,301,1000),
(130,291,21),
(130,601,250),
(131,401,75),
(131,415,1.5),
(131,418,2.4),
(131,605,15),
(131,324,20),
(131,430,90),
(131,309,40),
(131,306,4700),
(131,304,350),
(131,303,18),
(131,301,1000),
(131,291,21),
(131,601,250),
(132,401,75),
(132,415,1.5),
(132,418,2.4),
(132,605,15),
(132,324,20),
(132,430,90),
(132,309,40),
(132,306,4700),
(132,304,350),
(132,303,18),
(132,301,1000),
(132,291,21),
(132,601,250),
(133,401,75),
(133,415,1.5),
(133,418,2.4),
(133,605,15),
(133,324,20),
(133,430,90),
(133,309,40),
(133,306,4700),
(133,304,350),
(133,303,18),
(133,301,1000),
(133,291,21),
(133,601,250),
(134,401,75),
(134,415,1.5),
(134,418,2.4),
(134,605,15),
(134,324,20),
(134,430,90),
(134,309,40),
(134,306,4700),
(134,304,350),
(134,303,18),
(134,301,1000),
(134,291,21),
(134,601,250),
(135,401,75),
(135,415,1.5),
(135,418,2.4),
(135,605,15),
(135,324,20),
(135,430,90),
(135,309,40),
(135,306,4700),
(135,304,350),
(135,303,18),
(135,301,1000),
(135,291,21),
(135,601,250),
(136,401,75),
(136,415,1.5),
(136,418,2.4),
(136,605,15),
(136,324,20),
(136,430,90),
(136,309,40),
(136,306,4700),
(136,304,350),
(136,303,18),
(136,301,1000),
(136,291,21),
(136,601,250),
(137,401,75),
(137,415,1.5),
(137,418,2.4),
(137,605,15),
(137,324,20),
(137,430,90),
(137,309,40),
(137,306,4700),
(137,304,350),
(137,303,18),
(137,301,1000),
(137,291,21),
(137,601,250),
(138,401,75),
(138,415,1.5),
(138,418,2.4),
(138,605,15),
(138,324,20),
(138,430,90),
(138,309,40),
(138,306,4700),
(138,304,350),
(138,303,18),
(138,301,1000),
(138,291,21),
(138,601,250),
(139,401,75),
(139,415,1.5),
(139,418,2.4),
(139,605,15),
(139,324,20),
(139,430,90),
(139,309,40),
(139,306,4700),
(139,304,350),
(139,303,18),
(139,301,1000),
(139,291,21),
(139,601,250),
(140,401,75),
(140,415,1.5),
(140,418,2.4),
(140,605,15),
(140,324,20),
(140,430,90),
(140,309,40),
(140,306,4700),
(140,304,350),
(140,303,18),
(140,301,1000),
(140,291,21),
(140,601,250),
(141,401,75),
(141,415,1.5),
(141,418,2.4),
(141,605,15),
(141,324,20),
(141,430,90),
(141,309,40),
(141,306,4700),
(141,304,350),
(141,303,18),
(141,301,1000),
(141,291,21),
(141,601,250),
(142,401,75),
(142,415,1.5),
(142,418,2.4),
(142,605,15),
(142,324,20),
(142,430,90),
(142,309,40),
(142,306,4700),
(142,304,350),
(142,303,18),
(142,301,1000),
(142,291,21),
(142,601,250),
(143,401,75),
(143,415,1.5),
(143,418,2.4),
(143,605,15),
(143,324,20),
(143,430,90),
(143,309,40),
(143,306,4700),
(143,304,350),
(143,303,18),
(143,301,1000),
(143,291,21),
(143,601,250),
(144,401,75),
(144,415,1.5),
(144,418,2.4),
(144,605,15),
(144,324,20),
(144,430,90),
(144,309,40),
(144,306,4700),
(144,304,350),
(144,303,18),
(144,301,1000),
(144,291,21),
(144,601,250),
(145,401,75),
(145,415,1.5),
(145,418,2.4),
(145,605,15),
(145,324,20),
(145,430,90),
(145,309,40),
(145,306,4700),
(145,304,350),
(145,303,18),
(145,301,1000),
(145,291,21),
(145,601,250),
(146,401,75),
(146,415,1.5),
(146,418,2.4),
(146,605,15),
(146,324,20),
(146,430,90),
(146,309,40),
(146,306,4700),
(146,304,350),
(146,303,18),
(146,301,1000),
(146,291,21),
(146,601,250),
(147,401,75),
(147,415,1.5),
(147,418,2.4),
(147,605,15),
(147,324,20),
(147,430,90),
(147,309,40),
(147,306,4700),
(147,304,350),
(147,303,18),
(147,301,1000),
(147,291,21),
(147,601,250),
(148,401,75),
(148,415,1.5),
(148,418,2.4),
(148,605,15),
(148,324,20),
(148,430,90),
(148,309,40),
(148,306,4700),
(148,304,350),
(148,303,18),
(148,301,1000),
(148,291,21),
(148,601,250),
(149,401,75),
(149,415,1.5),
(149,418,2.4),
(149,605,15),
(149,324,20),
(149,430,90),
(149,309,40),
(149,306,4700),
(149,304,350),
(149,303,18),
(149,301,1000),
(149,291,21),
(149,601,250),
(150,401,75),
(150,415,1.5),
(150,418,2.4),
(150,605,15),
(150,324,20),
(150,430,90),
(150,309,40),
(150,306,4700),
(150,304,350),
(150,303,18),
(150,301,1000),
(150,291,21),
(150,601,250),
(151,401,75),
(151,415,1.5),
(151,418,2.4),
(151,605,15),
(151,324,20),
(151,430,90),
(151,309,40),
(151,306,4700),
(151,304,350),
(151,303,18),
(151,301,1000),
(151,291,21),
(151,601,250),
(152,401,75),
(152,415,1.5),
(152,418,2.4),
(152,605,15),
(152,324,20),
(152,430,90),
(152,309,40),
(152,306,4700),
(152,304,350),
(152,303,18),
(152,301,1000),
(152,291,21),
(152,601,250),
(153,401,75),
(153,415,1.5),
(153,418,2.4),
(153,605,15),
(153,324,20),
(153,430,90),
(153,309,40),
(153,306,4700),
(153,304,350),
(153,303,18),
(153,301,1000),
(153,291,21),
(153,601,250),
(154,401,75),
(154,415,1.5),
(154,418,2.4),
(154,605,15),
(154,324,20),
(154,430,90),
(154,309,40),
(154,306,4700),
(154,304,350),
(154,303,18),
(154,301,1000),
(154,291,21),
(154,601,250),
(155,401,75),
(155,415,1.5),
(155,418,2.4),
(155,605,15),
(155,324,20),
(155,430,90),
(155,309,40),
(155,306,4700),
(155,304,350),
(155,303,18),
(155,301,1000),
(155,291,21),
(155,601,250),
(156,401,75),
(156,415,1.5),
(156,418,2.4),
(156,605,15),
(156,324,20),
(156,430,90),
(156,309,40),
(156,306,4700),
(156,304,350),
(156,303,18),
(156,301,1000),
(156,291,21),
(156,601,250),
(157,401,75),
(157,415,1.5),
(157,418,2.4),
(157,605,15),
(157,324,20),
(157,430,90),
(157,309,40),
(157,306,4700),
(157,304,350),
(157,303,18),
(157,301,1000),
(157,291,21),
(157,601,250),
(158,401,75),
(158,415,1.5),
(158,418,2.4),
(158,605,15),
(158,324,20),
(158,430,90),
(158,309,40),
(158,306,4700),
(158,304,350),
(158,303,18),
(158,301,1000),
(158,291,21),
(158,601,250),
(159,401,75),
(159,415,1.5),
(159,418,2.4),
(159,605,15),
(159,324,20),
(159,430,90),
(159,309,40),
(159,306,4700),
(159,304,350),
(159,303,18),
(159,301,1000),
(159,291,21),
(159,601,250),
(160,401,75),
(160,415,1.5),
(160,418,2.4),
(160,605,15),
(160,324,20),
(160,430,90),
(160,309,40),
(160,306,4700),
(160,304,350),
(160,303,18),
(160,301,1000),
(160,291,21),
(160,601,250),
(161,401,75),
(161,415,1.5),
(161,418,2.4),
(161,605,15),
(161,324,20),
(161,430,90),
(161,309,40),
(161,306,4700),
(161,304,350),
(161,303,18),
(161,301,1000),
(161,291,21),
(161,601,250),
(162,401,75),
(162,415,1.5),
(162,418,2.4),
(162,605,15),
(162,324,20),
(162,430,90),
(162,309,40),
(162,306,4700),
(162,304,350),
(162,303,18),
(162,301,1000),
(162,291,21),
(162,601,250),
(163,401,75),
(163,415,1.5),
(163,418,2.4),
(163,605,15),
(163,324,20),
(163,430,90),
(163,309,40),
(163,306,4700),
(163,304,350),
(163,303,18),
(163,301,1000),
(163,291,21),
(163,601,250),
(164,401,75),
(164,415,1.5),
(164,418,2.4),
(164,605,15),
(164,324,20),
(164,430,90),
(164,309,40),
(164,306,4700),
(164,304,350),
(164,303,18),
(164,301,1000),
(164,291,21),
(164,601,250),
(165,401,75),
(165,415,1.5),
(165,418,2.4),
(165,605,15),
(165,324,20),
(165,430,90),
(165,309,40),
(165,306,4700),
(165,304,350),
(165,303,18),
(165,301,1000),
(165,291,21),
(165,601,250),
(166,401,75),
(166,415,1.5),
(166,418,2.4),
(166,605,15),
(166,324,20),
(166,430,90),
(166,309,40),
(166,306,4700),
(166,304,350),
(166,303,18),
(166,301,1000),
(166,291,21),
(166,601,250),
(167,401,75),
(167,415,1.5),
(167,418,2.4),
(167,605,15),
(167,324,20),
(167,430,90),
(167,309,40),
(167,306,4700),
(167,304,350),
(167,303,18),
(167,301,1000),
(167,291,21),
(167,601,250),
(168,401,75),
(168,415,1.5),
(168,418,2.4),
(168,605,15),
(168,324,20),
(168,430,90),
(168,309,40),
(168,306,4700),
(168,304,350),
(168,303,18),
(168,301,1000),
(168,291,21),
(168,601,250),
(169,401,75),
(169,415,1.5),
(169,418,2.4),
(169,605,15),
(169,324,20),
(169,430,90),
(169,309,40),
(169,306,4700),
(169,304,350),
(169,303,18),
(169,301,1000),
(169,291,21),
(169,601,250),
(170,401,75),
(170,415,1.5),
(170,418,2.4),
(170,605,15),
(170,324,20),
(170,430,90),
(170,309,40),
(170,306,4700),
(170,304,350),
(170,303,18),
(170,301,1000),
(170,291,21),
(170,601,250),
(171,401,75),
(171,415,1.5),
(171,418,2.4),
(171,605,15),
(171,324,20),
(171,430,90),
(171,309,40),
(171,306,4700),
(171,304,350),
(171,303,18),
(171,301,1000),
(171,291,21),
(171,601,250),
(172,401,75),
(172,415,1.5),
(172,418,2.4),
(172,605,15),
(172,324,20),
(172,430,90),
(172,309,40),
(172,306,4700),
(172,304,350),
(172,303,18),
(172,301,1000),
(172,291,21),
(172,601,250),
(173,401,75),
(173,415,1.5),
(173,418,2.4),
(173,605,15),
(173,324,20),
(173,430,90),
(173,309,40),
(173,306,4700),
(173,304,350),
(173,303,18),
(173,301,1000),
(173,291,21),
(173,601,250),
(174,401,75),
(174,415,1.5),
(174,418,2.4),
(174,605,15),
(174,324,20),
(174,430,90),
(174,309,40),
(174,306,4700),
(174,304,350),
(174,303,18),
(174,301,1000),
(174,291,21),
(174,601,250),
(175,401,75),
(175,415,1.5),
(175,418,2.4),
(175,605,15),
(175,324,20),
(175,430,90),
(175,309,40),
(175,306,4700),
(175,304,350),
(175,303,18),
(175,301,1000),
(175,291,21),
(175,601,250),
(176,401,75),
(176,415,1.5),
(176,418,2.4),
(176,605,15),
(176,324,20),
(176,430,90),
(176,309,40),
(176,306,4700),
(176,304,350),
(176,303,18),
(176,301,1000),
(176,291,21),
(176,601,250),
(177,401,75),
(177,415,1.5),
(177,418,2.4),
(177,605,15),
(177,324,20),
(177,430,90),
(177,309,40),
(177,306,4700),
(177,304,350),
(177,303,18),
(177,301,1000),
(177,291,21),
(177,601,250),
(178,401,75),
(178,415,1.5),
(178,418,2.4),
(178,605,15),
(178,324,20),
(178,430,90),
(178,309,40),
(178,306,4700),
(178,304,350),
(178,303,18),
(178,301,1000),
(178,291,21),
(178,601,250),
(179,401,75),
(179,415,1.5),
(179,418,2.4),
(179,605,15),
(179,324,20),
(179,430,90),
(179,309,40),
(179,306,4700),
(179,304,350),
(179,303,18),
(179,301,1000),
(179,291,21),
(179,601,250),
(180,401,75),
(180,415,1.5),
(180,418,2.4),
(180,605,15),
(180,324,20),
(180,430,90),
(180,309,40),
(180,306,4700),
(180,304,350),
(180,303,18),
(180,301,1000),
(180,291,21),
(180,601,250),
(181,401,75),
(181,415,1.5),
(181,418,2.4),
(181,605,15),
(181,324,20),
(181,430,90),
(181,309,40),
(181,306,4700),
(181,304,350),
(181,303,18),
(181,301,1000),
(181,291,21),
(181,601,250),
(182,401,75),
(182,415,1.5),
(182,418,2.4),
(182,605,15),
(182,324,20),
(182,430,90),
(182,309,40),
(182,306,4700),
(182,304,350),
(182,303,18),
(182,301,1000),
(182,291,21),
(182,601,250),
(183,401,75),
(183,415,1.5),
(183,418,2.4),
(183,605,15),
(183,324,20),
(183,430,90),
(183,309,40),
(183,306,4700),
(183,304,350),
(183,303,18),
(183,301,1000),
(183,291,21),
(183,601,250),
(184,401,75),
(184,415,1.5),
(184,418,2.4),
(184,605,15),
(184,324,20),
(184,430,90),
(184,309,40),
(184,306,4700),
(184,304,350),
(184,303,18),
(184,301,1000),
(184,291,21),
(184,601,250),
(185,401,75),
(185,415,1.5),
(185,418,2.4),
(185,605,15),
(185,324,20),
(185,430,90),
(185,309,40),
(185,306,4700),
(185,304,350),
(185,303,18),
(185,301,1000),
(185,291,21),
(185,601,250),
(186,401,75),
(186,415,1.5),
(186,418,2.4),
(186,605,15),
(186,324,20),
(186,430,90),
(186,309,40),
(186,306,4700),
(186,304,350),
(186,303,18),
(186,301,1000),
(186,291,21),
(186,601,250),
(187,401,75),
(187,415,1.5),
(187,418,2.4),
(187,605,15),
(187,324,20),
(187,430,90),
(187,309,40),
(187,306,4700),
(187,304,350),
(187,303,18),
(187,301,1000),
(187,291,21),
(187,601,250),
(188,401,75),
(188,415,1.5),
(188,418,2.4),
(188,605,15),
(188,324,20),
(188,430,90),
(188,309,40),
(188,306,4700),
(188,304,350),
(188,303,18),
(188,301,1000),
(188,291,21),
(188,601,250),
(189,401,75),
(189,415,1.5),
(189,418,2.4),
(189,605,15),
(189,324,20),
(189,430,90),
(189,309,40),
(189,306,4700),
(189,304,350),
(189,303,18),
(189,301,1000),
(189,291,21),
(189,601,250),
(190,401,75),
(190,415,1.5),
(190,418,2.4),
(190,605,15),
(190,324,20),
(190,430,90),
(190,309,40),
(190,306,4700),
(190,304,350),
(190,303,18),
(190,301,1000),
(190,291,21),
(190,601,250),
(191,401,75),
(191,415,1.5),
(191,418,2.4),
(191,605,15),
(191,324,20),
(191,430,90),
(191,309,40),
(191,306,4700),
(191,304,350),
(191,303,18),
(191,301,1000),
(191,291,21),
(191,601,250),
(192,401,75),
(192,415,1.5),
(192,418,2.4),
(192,605,15),
(192,324,20),
(192,430,90),
(192,309,40),
(192,306,4700),
(192,304,350),
(192,303,18),
(192,301,1000),
(192,291,21),
(192,601,250),
(193,401,75),
(193,415,1.5),
(193,418,2.4),
(193,605,15),
(193,324,20),
(193,430,90),
(193,309,40),
(193,306,4700),
(193,304,350),
(193,303,18),
(193,301,1000),
(193,291,21),
(193,601,250),
(194,401,75),
(194,415,1.5),
(194,418,2.4),
(194,605,15),
(194,324,20),
(194,430,90),
(194,309,40),
(194,306,4700),
(194,304,350),
(194,303,18),
(194,301,1000),
(194,291,21),
(194,601,250),
(195,401,75),
(195,415,1.5),
(195,418,2.4),
(195,605,15),
(195,324,20),
(195,430,90),
(195,309,40),
(195,306,4700),
(195,304,350),
(195,303,18),
(195,301,1000),
(195,291,21),
(195,601,250),
(196,401,75),
(196,415,1.5),
(196,418,2.4),
(196,605,15),
(196,324,20),
(196,430,90),
(196,309,40),
(196,306,4700),
(196,304,350),
(196,303,18),
(196,301,1000),
(196,291,21),
(196,601,250),
(197,401,75),
(197,415,1.5),
(197,418,2.4),
(197,605,15),
(197,324,20),
(197,430,90),
(197,309,40),
(197,306,4700),
(197,304,350),
(197,303,18),
(197,301,1000),
(197,291,21),
(197,601,250),
(198,401,75),
(198,415,1.5),
(198,418,2.4),
(198,605,15),
(198,324,20),
(198,430,90),
(198,309,40),
(198,306,4700),
(198,304,350),
(198,303,18),
(198,301,1000),
(198,291,21),
(198,601,250),
(199,401,75),
(199,415,1.5),
(199,418,2.4),
(199,605,15),
(199,324,20),
(199,430,90),
(199,309,40),
(199,306,4700),
(199,304,350),
(199,303,18),
(199,301,1000),
(199,291,21),
(199,601,250),
(200,401,75),
(200,415,1.5),
(200,418,2.4),
(200,605,15),
(200,324,20),
(200,430,90),
(200,309,40),
(200,306,4700),
(200,304,350),
(200,303,18),
(200,301,1000),
(200,291,21),
(200,601,250),
(201,401,80),
(201,415,1.9),
(201,418,2.6),
(201,605,15),
(201,324,15),
(201,430,75),
(201,309,34),
(201,306,4700),
(201,304,350),
(201,303,27),
(201,301,1300),
(201,291,28),
(201,601,250),
(202,401,80),
(202,415,1.9),
(202,418,2.6),
(202,605,15),
(202,324,15),
(202,430,75),
(202,309,34),
(202,306,4700),
(202,304,350),
(202,303,27),
(202,301,1300),
(202,291,28),
(202,601,250),
(203,401,80),
(203,415,1.9),
(203,418,2.6),
(203,605,15),
(203,324,15),
(203,430,75),
(203,309,34),
(203,306,4700),
(203,304,350),
(203,303,27),
(203,301,1300),
(203,291,28),
(203,601,250),
(204,401,80),
(204,415,1.9),
(204,418,2.6),
(204,605,15),
(204,324,15),
(204,430,75),
(204,309,34),
(204,306,4700),
(204,304,350),
(204,303,27),
(204,301,1300),
(204,291,28),
(204,601,250),
(205,401,80),
(205,415,1.9),
(205,418,2.6),
(205,605,15),
(205,324,15),
(205,430,75),
(205,309,34),
(205,306,4700),
(205,304,350),
(205,303,27),
(205,301,1300),
(205,291,28),
(205,601,250),
(206,401,80),
(206,415,1.9),
(206,418,2.6),
(206,605,15),
(206,324,15),
(206,430,75),
(206,309,34),
(206,306,4700),
(206,304,350),
(206,303,27),
(206,301,1300),
(206,291,28),
(206,601,250),
(207,401,80),
(207,415,1.9),
(207,418,2.6),
(207,605,15),
(207,324,15),
(207,430,75),
(207,309,34),
(207,306,4700),
(207,304,350),
(207,303,27),
(207,301,1300),
(207,291,28),
(207,601,250),
(208,401,80),
(208,415,1.9),
(208,418,2.6),
(208,605,15),
(208,324,15),
(208,430,75),
(208,309,34),
(208,306,4700),
(208,304,350),
(208,303,27),
(208,301,1300),
(208,291,28),
(208,601,250),
(209,401,80),
(209,415,1.9),
(209,418,2.6),
(209,605,15),
(209,324,15),
(209,430,75),
(209,309,34),
(209,306,4700),
(209,304,350),
(209,303,27),
(209,301,1300),
(209,291,28),
(209,601,250),
(210,401,80),
(210,415,1.9),
(210,418,2.6),
(210,605,15),
(210,324,15),
(210,430,75),
(210,309,34),
(210,306,4700),
(210,304,350),
(210,303,27),
(210,301,1300),
(210,291,28),
(210,601,250),
(211,401,80),
(211,415,1.9),
(211,418,2.6),
(211,605,15),
(211,324,15),
(211,430,75),
(211,309,34),
(211,306,4700),
(211,304,350),
(211,303,27),
(211,301,1300),
(211,291,28),
(211,601,250),
(212,401,80),
(212,415,1.9),
(212,418,2.6),
(212,605,15),
(212,324,15),
(212,430,75),
(212,309,34),
(212,306,4700),
(212,304,350),
(212,303,27),
(212,301,1300),
(212,291,28),
(212,601,250),
(213,401,80),
(213,415,1.9),
(213,418,2.6),
(213,605,15),
(213,324,15),
(213,430,75),
(213,309,34),
(213,306,4700),
(213,304,350),
(213,303,27),
(213,301,1300),
(213,291,28),
(213,601,250),
(214,401,80),
(214,415,1.9),
(214,418,2.6),
(214,605,15),
(214,324,15),
(214,430,75),
(214,309,34),
(214,306,4700),
(214,304,350),
(214,303,27),
(214,301,1300),
(214,291,28),
(214,601,250),
(215,401,80),
(215,415,1.9),
(215,418,2.6),
(215,605,15),
(215,324,15),
(215,430,75),
(215,309,34),
(215,306,4700),
(215,304,350),
(215,303,27),
(215,301,1300),
(215,291,28),
(215,601,250),
(216,401,80),
(216,415,1.9),
(216,418,2.6),
(216,605,15),
(216,324,15),
(216,430,75),
(216,309,34),
(216,306,4700),
(216,304,350),
(216,303,27),
(216,301,1300),
(216,291,28),
(216,601,250),
(217,401,80),
(217,415,1.9),
(217,418,2.6),
(217,605,15),
(217,324,15),
(217,430,75),
(217,309,34),
(217,306,4700),
(217,304,350),
(217,303,27),
(217,301,1300),
(217,291,28),
(217,601,250),
(218,401,80),
(218,415,1.9),
(218,418,2.6),
(218,605,15),
(218,324,15),
(218,430,75),
(218,309,34),
(218,306,4700),
(218,304,350),
(218,303,27),
(218,301,1300),
(218,291,28),
(218,601,250),
(219,401,85),
(219,415,1.9),
(219,418,2.6),
(219,605,15),
(219,324,15),
(219,430,90),
(219,309,40),
(219,306,4700),
(219,304,350),
(219,303,27),
(219,301,1000),
(219,291,28),
(219,601,250),
(220,401,85),
(220,415,1.9),
(220,418,2.6),
(220,605,15),
(220,324,15),
(220,430,90),
(220,309,40),
(220,306,4700),
(220,304,350),
(220,303,27),
(220,301,1000),
(220,291,28),
(220,601,250),
(221,401,85),
(221,415,1.9),
(221,418,2.6),
(221,605,15),
(221,324,15),
(221,430,90),
(221,309,40),
(221,306,4700),
(221,304,350),
(221,303,27),
(221,301,1000),
(221,291,28),
(221,601,250),
(222,401,85),
(222,415,1.9),
(222,418,2.6),
(222,605,15),
(222,324,15),
(222,430,90),
(222,309,40),
(222,306,4700),
(222,304,350),
(222,303,27),
(222,301,1000),
(222,291,28),
(222,601,250),
(223,401,85),
(223,415,1.9),
(223,418,2.6),
(223,605,15),
(223,324,15),
(223,430,90),
(223,309,40),
(223,306,4700),
(223,304,350),
(223,303,27),
(223,301,1000),
(223,291,28),
(223,601,250),
(224,401,85),
(224,415,1.9),
(224,418,2.6),
(224,605,15),
(224,324,15),
(224,430,90),
(224,309,40),
(224,306,4700),
(224,304,350),
(224,303,27),
(224,301,1000),
(224,291,28),
(224,601,250),
(225,401,85),
(225,415,1.9),
(225,418,2.6),
(225,605,15),
(225,324,15),
(225,430,90),
(225,309,40),
(225,306,4700),
(225,304,350),
(225,303,27),
(225,301,1000),
(225,291,28),
(225,601,250),
(226,401,85),
(226,415,1.9),
(226,418,2.6),
(226,605,15),
(226,324,15),
(226,430,90),
(226,309,40),
(226,306,4700),
(226,304,350),
(226,303,27),
(226,301,1000),
(226,291,28),
(226,601,250),
(227,401,85),
(227,415,1.9),
(227,418,2.6),
(227,605,15),
(227,324,15),
(227,430,90),
(227,309,40),
(227,306,4700),
(227,304,350),
(227,303,27),
(227,301,1000),
(227,291,28),
(227,601,250),
(228,401,85),
(228,415,1.9),
(228,418,2.6),
(228,605,15),
(228,324,15),
(228,430,90),
(228,309,40),
(228,306,4700),
(228,304,350),
(228,303,27),
(228,301,1000),
(228,291,28),
(228,601,250),
(229,401,85),
(229,415,1.9),
(229,418,2.6),
(229,605,15),
(229,324,15),
(229,430,90),
(229,309,40),
(229,306,4700),
(229,304,350),
(229,303,27),
(229,301,1000),
(229,291,28),
(229,601,250),
(230,401,85),
(230,415,1.9),
(230,418,2.6),
(230,605,15),
(230,324,15),
(230,430,90),
(230,309,40),
(230,306,4700),
(230,304,350),
(230,303,27),
(230,301,1000),
(230,291,28),
(230,601,250),
(231,401,85),
(231,415,1.9),
(231,418,2.6),
(231,605,15),
(231,324,15),
(231,430,90),
(231,309,40),
(231,306,4700),
(231,304,350),
(231,303,27),
(231,301,1000),
(231,291,28),
(231,601,250),
(232,401,85),
(232,415,1.9),
(232,418,2.6),
(232,605,15),
(232,324,15),
(232,430,90),
(232,309,40),
(232,306,4700),
(232,304,350),
(232,303,27),
(232,301,1000),
(232,291,28),
(232,601,250),
(233,401,85),
(233,415,1.9),
(233,418,2.6),
(233,605,15),
(233,324,15),
(233,430,90),
(233,309,40),
(233,306,4700),
(233,304,350),
(233,303,27),
(233,301,1000),
(233,291,28),
(233,601,250),
(234,401,85),
(234,415,1.9),
(234,418,2.6),
(234,605,15),
(234,324,15),
(234,430,90),
(234,309,40),
(234,306,4700),
(234,304,350),
(234,303,27),
(234,301,1000),
(234,291,28),
(234,601,250),
(235,401,85),
(235,415,1.9),
(235,418,2.6),
(235,605,15),
(235,324,15),
(235,430,90),
(235,309,40),
(235,306,4700),
(235,304,350),
(235,303,27),
(235,301,1000),
(235,291,28),
(235,601,250),
(236,401,85),
(236,415,1.9),
(236,418,2.6),
(236,605,15),
(236,324,15),
(236,430,90),
(236,309,40),
(236,306,4700),
(236,304,350),
(236,303,27),
(236,301,1000),
(236,291,28),
(236,601,250),
(237,401,85),
(237,415,1.9),
(237,418,2.6),
(237,605,15),
(237,324,15),
(237,430,90),
(237,309,40),
(237,306,4700),
(237,304,350),
(237,303,27),
(237,301,1000),
(237,291,28),
(237,601,250),
(238,401,85),
(238,415,1.9),
(238,418,2.6),
(238,605,15),
(238,324,15),
(238,430,90),
(238,309,40),
(238,306,4700),
(238,304,350),
(238,303,27),
(238,301,1000),
(238,291,28),
(238,601,250),
(239,401,85),
(239,415,1.9),
(239,418,2.6),
(239,605,15),
(239,324,15),
(239,430,90),
(239,309,40),
(239,306,4700),
(239,304,350),
(239,303,27),
(239,301,1000),
(239,291,28),
(239,601,250),
(240,401,85),
(240,415,1.9),
(240,418,2.6),
(240,605,15),
(240,324,15),
(240,430,90),
(240,309,40),
(240,306,4700),
(240,304,350),
(240,303,27),
(240,301,1000),
(240,291,28),
(240,601,250),
(241,401,85),
(241,415,1.9),
(241,418,2.6),
(241,605,15),
(241,324,15),
(241,430,90),
(241,309,40),
(241,306,4700),
(241,304,350),
(241,303,27),
(241,301,1000),
(241,291,28),
(241,601,250),
(242,401,85),
(242,415,1.9),
(242,418,2.6),
(242,605,15),
(242,324,15),
(242,430,90),
(242,309,40),
(242,306,4700),
(242,304,350),
(242,303,27),
(242,301,1000),
(242,291,28),
(242,601,250),
(243,401,85),
(243,415,1.9),
(243,418,2.6),
(243,605,15),
(243,324,15),
(243,430,90),
(243,309,40),
(243,306,4700),
(243,304,350),
(243,303,27),
(243,301,1000),
(243,291,28),
(243,601,250),
(244,401,85),
(244,415,1.9),
(244,418,2.6),
(244,605,15),
(244,324,15),
(244,430,90),
(244,309,40),
(244,306,4700),
(244,304,350),
(244,303,27),
(244,301,1000),
(244,291,28),
(244,601,250),
(245,401,85),
(245,415,1.9),
(245,418,2.6),
(245,605,15),
(245,324,15),
(245,430,90),
(245,309,40),
(245,306,4700),
(245,304,350),
(245,303,27),
(245,301,1000),
(245,291,28),
(245,601,250),
(246,401,85),
(246,415,1.9),
(246,418,2.6),
(246,605,15),
(246,324,15),
(246,430,90),
(246,309,40),
(246,306,4700),
(246,304,350),
(246,303,27),
(246,301,1000),
(246,291,28),
(246,601,250),
(247,401,85),
(247,415,1.9),
(247,418,2.6),
(247,605,15),
(247,324,15),
(247,430,90),
(247,309,40),
(247,306,4700),
(247,304,350),
(247,303,27),
(247,301,1000),
(247,291,28),
(247,601,250),
(248,401,85),
(248,415,1.9),
(248,418,2.6),
(248,605,15),
(248,324,15),
(248,430,90),
(248,309,40),
(248,306,4700),
(248,304,350),
(248,303,27),
(248,301,1000),
(248,291,28),
(248,601,250),
(249,401,85),
(249,415,1.9),
(249,418,2.6),
(249,605,15),
(249,324,15),
(249,430,90),
(249,309,40),
(249,306,4700),
(249,304,350),
(249,303,27),
(249,301,1000),
(249,291,28),
(249,601,250),
(250,401,85),
(250,415,1.9),
(250,418,2.6),
(250,605,15),
(250,324,15),
(250,430,90),
(250,309,40),
(250,306,4700),
(250,304,350),
(250,303,27),
(250,301,1000),
(250,291,28),
(250,601,250);

/*
 * Food constraints
 */
INSERT INTO food_constraint (food_id, min_qty, max_qty) VALUES
(2605,0,250),
(2536,0,250),
(1696,0,250),
(2364,0,250),
(501578,0,250),
(1511,0,250),
(3677,0,250),
(1999,0,250),
(1704,0,250),
(3254,0,250),
(3379,0,250),
(3266,0,250),
(4086,0,250),
(5997,0,0),
(2500,0,250),
(1515,0,250),
(1705,0,250),
(3703,0,250),
(3277,0,250),
(2374,0,250),
(2378,0,250),
(2361,0,250),
(4890,0,250),
(2380,0,250),
(2548,0,250),
(2546,0,250),
(1475,0,250),
(1222,0,250),
(1472,0,250),
(2052,0,250),
(107,0,250),
(108,0,250),
(111,0,250),
(47,0,250),
(2511,0,250),
(918,0,250),
(644,0,250),
(640,0,250),
(502261,0,250),
(178,0,250),
(179,0,250),
(2558,0,250),
(2643,0,250),
(2063,0,250),
(2388,0,250),
(4490,0,250),
(184,0,250),
(6218,0,250),
(126,0,250),
(129,0,250),
(130,0,250),
(125,0,250),
(2088,0,250),
(1544,0,250),
(3339,0,250),
(1711,0,250),
(457,0,250),
(3139,0,250),
(3053,0,250),
(5967,0,250),
(2394,0,250),
(4230,0,250),
(2091,0,250),
(501662,0,250),
(1560,0,250),
(1562,0,250),
(816,0,250),
(742,0,0),
(1578,0,250),
(3199,0,250),
(3012,0,250),
(3338,0,250),
(2395,0,250),
(1585,0,250),
(1586,0,250),
(2397,0,250),
(2114,0,250),
(2003,0,250),
(4975,0,250),
(1721,0,250),
(63,0,250),
(2577,0,250),
(3925,0,250),
(502136,0,250),
(5957,0,250),
(3116,0,250),
(2127,0,250),
(2130,0,250),
(193,0,250),
(502343,0,250),
(4493,0,250),
(4421,0,250),
(420,0,250),
(422,0,250),
(2402,0,250),
(1619,0,250),
(1628,0,250),
(2407,0,250),
(1630,0,250),
(4517,0,250),
(3309,0,250),
(3362,0,250),
(3395,0,250),
(198,0,250),
(199,0,250),
(4724,0,250),
(1662,0,250),
(1667,0,250),
(4110,0,250),
(201,0,250),
(5706,0,250),
(502444,0,250),
(1670,0,250),
(2517,0,250),
(1745,0,250),
(1747,0,250),
(4497,0,250),
(4723,0,250),
(205,0,250),
(206,0,250),
(3156,0,250),
(503362,0,250),
(2608,0,60),
(2209,0,0),
(501527,0,0),
(4519,0,250),
(4725,0,250),
(2213,0,250),
(2219,0,250),
(1749,0,250),
(2526,0,250),
(2241,0,250),
(501799,0,250),
(2461,0,250),
(3206,0,250),
(3080,0,250),
(3131,0,250),
(502382,0,250),
(5702,0,250),
(709,0,0),
(2262,0,250),
(6196,0,250),
(13,0,250),
(2284,0,250),
(502776,0,250),
(502163,0,250),
(3208,0,250);

/*
 * Load data into the "nutrient_constraint" table
 */
LOAD DATA LOCAL INFILE './../data/nutrient_constraint.csv'
REPLACE INTO TABLE nutrient_constraint
CHARACTER SET 'latin1'
FIELDS TERMINATED BY ',' OPTIONALLY ENCLOSED BY '"'
LINES TERMINATED BY '\n'
IGNORE 1 LINES
(nutrient_id, weight_overconsumption, weight_underconsumption)
;

/*
 * Load data into the "planner_goal" table
 */
LOAD DATA LOCAL INFILE './../data/planner_goal.csv'
REPLACE INTO TABLE planner_goal
CHARACTER SET 'latin1'
FIELDS TERMINATED BY ',' OPTIONALLY ENCLOSED BY '"'
LINES TERMINATED BY '\n'
IGNORE 1 LINES
;


/*
* Load data into the "planner_nutrient" table
*/
LOAD DATA LOCAL INFILE './../data/planner_nutrient.csv'
REPLACE INTO TABLE planner_nutrient
CHARACTER SET 'latin1'
FIELDS TERMINATED BY ',' OPTIONALLY ENCLOSED BY '"'
LINES TERMINATED BY '\n'
IGNORE 1 LINES
;


/**
 * Load data into the "nutrient_amount" table from the Excel file (missing nutrients)
 * Issues with data.
 * Cannot cross-reference nutrient_id
 */
LOAD DATA LOCAL INFILE './../data/nutrient_amount_excel.csv'
INTO TABLE nutrient_amount
CHARACTER SET 'latin1'
FIELDS TERMINATED BY ',' OPTIONALLY ENCLOSED BY '"'
LINES TERMINATED BY '\n'
IGNORE 1 LINES
(food_id,nutrient_id,value,@standard_error,@num_observations,nutrient_source_id,@entry_date)
SET standard_error = nullif(@standard_error,''),
	num_observations = nullif(@num_observations,''),
	entry_date = nullif(@entry_date,'')
;
