FoodID,NutrientID,NutrientValue,StandardError,NumberofObservations,NutrientSourceID,NutrientDateOfEntry
2605,208,614,,0,14,2017-07-25
2605,203,20.96,,0,14,2017-07-25
2605,204,55.5,,0,14,2017-07-25
2605,606,4.152,,0,14,2017-07-25
2605,205,18.82,,0,14,2017-07-25
2605,291,10.3,,0,14,2017-07-25
2605,269,4.43,,0,14,2017-07-25
2605,301,347,,0,14,2017-07-25
2605,303,3.49,,0,14,2017-07-25
2605,304,279,,0,14,2017-07-25
2605,306,748,,0,14,2017-07-25
2605,307,7,,0,14,2017-07-25
2605,309,3.29,,0,14,2017-07-25
2605,401,0,,0,14,2017-07-25
2605,415,0.103,,0,14,2017-07-25
2605,418,0,,0,14,2017-07-25
2605,605,24.21,,0,14,2017-07-25
2605,324,0,,0,14,2017-07-25
2605,430,0,,0,14,2017-07-25
2605,601,0,,0,14,2017-07-25
2536,208,598,,0,14,2017-07-25
2536,203,20.96,,0,14,2017-07-25
2536,204,52.54,,0,14,2017-07-25
2536,606,4.092,,0,14,2017-07-25
2536,205,21.01,,0,14,2017-07-25
2536,291,10.9,,0,14,2017-07-25
2536,269,4.86,,0,14,2017-07-25
2536,301,268,,0,14,2017-07-25
2536,303,3.73,,0,14,2017-07-25
2536,304,279,,0,14,2017-07-25
2536,306,713,,0,14,2017-07-25
2536,307,3,,0,14,2017-07-25
2536,309,3.31,,0,14,2017-07-25
2536,401,0,,0,14,2017-07-25
2536,415,0.136,,0,14,2017-07-25
2536,418,0,,0,14,2017-07-25
2536,605,23.9,,0,14,2017-07-25
2536,324,0,,0,14,2017-07-25
2536,430,0,,0,14,2017-07-25
2536,601,0,,0,14,2017-07-25
1696,208,52,,0,14,2017-07-25
1696,203,0.26,,0,14,2017-07-25
1696,204,0.17,,0,14,2017-07-25
1696,606,0.028,,0,14,2017-07-25
1696,205,13.81,,0,14,2017-07-25
1696,291,2.4,,0,14,2017-07-25
1696,269,10.39,,0,14,2017-07-25
1696,301,6,,0,14,2017-07-25
1696,303,0.12,,0,14,2017-07-25
1696,304,5,,0,14,2017-07-25
1696,306,107,,0,14,2017-07-25
1696,307,1,,0,14,2017-07-25
1696,309,0.04,,0,14,2017-07-25
1696,401,4.6,,0,14,2017-07-25
1696,415,0.041,,0,14,2017-07-25
1696,418,0,,0,14,2017-07-25
1696,605,0.18,,0,14,2017-07-25
1696,324,0,,0,14,2017-07-25
1696,430,2.2,,0,14,2017-07-25
1696,601,0,,0,14,2017-07-25
2364,208,47,,0,14,2017-07-25
2364,203,3.27,,0,14,2017-07-25
2364,204,0.15,,0,14,2017-07-25
2364,606,0.036,,0,14,2017-07-25
2364,205,10.51,,0,14,2017-07-25
2364,291,5.4,,0,14,2017-07-25
2364,269,0.99,,0,14,2017-07-25
2364,301,44,,0,14,2017-07-25
2364,303,1.28,,0,14,2017-07-25
2364,304,60,,0,14,2017-07-25
2364,306,370,,0,14,2017-07-25
2364,307,94,,0,14,2017-07-25
2364,309,0.49,,0,14,2017-07-25
2364,401,11.7,,0,14,2017-07-25
2364,415,0.116,,0,14,2017-07-25
2364,418,0,,0,14,2017-07-25
2364,605,0.19,,0,14,2017-07-25
2364,324,0,,0,14,2017-07-25
2364,430,14.8,,0,14,2017-07-25
2364,601,0,,0,14,2017-07-25
501578,208,22,,0,14,2017-07-25
501578,203,2.4,,0,14,2017-07-25
501578,204,0.22,,0,14,2017-07-25
501578,606,0.048,,0,14,2017-07-25
501578,205,4.11,,0,14,2017-07-25
501578,291,2,,0,14,2017-07-25
501578,269,1.3,,0,14,2017-07-25
501578,301,23,,0,14,2017-07-25
501578,303,0.91,,0,14,2017-07-25
501578,304,14,,0,14,2017-07-25
501578,306,224,,0,14,2017-07-25
501578,307,240,,0,14,2017-07-25
501578,309,0.6,,0,14,2017-07-25
501578,401,7.7,,0,14,2017-07-25
501578,415,0.079,,0,14,2017-07-25
501578,418,0,,0,14,2017-07-25
501578,605,1.5,,0,14,2017-07-25
501578,324,0,,0,14,2017-07-25
501578,430,50.6,,0,14,2017-07-25
501578,601,0,,0,14,2017-07-25
1511,208,160,,0,14,2017-07-25
1511,203,2,,0,14,2017-07-25
1511,204,14.66,,0,14,2017-07-25
1511,606,2.126,,0,14,2017-07-25
1511,205,8.53,,0,14,2017-07-25
1511,291,6.7,,0,14,2017-07-25
1511,269,0.66,,0,14,2017-07-25
1511,301,12,,0,14,2017-07-25
1511,303,0.55,,0,14,2017-07-25
1511,304,29,,0,14,2017-07-25
1511,306,485,,0,14,2017-07-25
1511,307,7,,0,14,2017-07-25
1511,309,0.64,,0,14,2017-07-25
1511,401,10,,0,14,2017-07-25
1511,415,0.257,,0,14,2017-07-25
1511,418,0,,0,14,2017-07-25
1511,605,2.07,,0,14,2017-07-25
1511,324,0,,0,14,2017-07-25
1511,430,21,,0,14,2017-07-25
1511,601,0,,0,14,2017-07-25
3677,208,255,,0,14,2017-07-25
3677,203,10.7,,0,14,2017-07-25
3677,204,1.2,,0,14,2017-07-25
3677,606,0.191,,0,14,2017-07-25
3677,205,53.3,,0,14,2017-07-25
3677,291,3.6,,0,14,2017-07-25
3677,269,1.63,,0,14,2017-07-25
3677,301,12,,0,14,2017-07-25
3677,303,3.08,,0,14,2017-07-25
3677,304,31,,0,14,2017-07-25
3677,306,115,,0,14,2017-07-25
3677,307,590,,0,14,2017-07-25
3677,309,0.9,,0,14,2017-07-25
3677,401,0.2,,0,14,2017-07-25
3677,415,0.043,,0,14,2017-07-25
3677,418,0,,0,14,2017-07-25
3677,605,0.33,,0,14,2017-07-25
3677,324,0,,0,14,2017-07-25
3677,430,0.4,,0,14,2017-07-25
3677,601,0,,0,14,2017-07-25
1999,208,27,,0,14,2017-07-25
1999,203,2.6,,0,14,2017-07-25
1999,204,0.3,,0,14,2017-07-25
1999,606,0.069,,0,14,2017-07-25
1999,205,5.2,,0,14,2017-07-25
1999,291,2.2,,0,14,2017-07-25
1999,269,3,,0,14,2017-07-25
1999,301,13,,0,14,2017-07-25
1999,303,0.5,,0,14,2017-07-25
1999,304,3,,0,14,2017-07-25
1999,306,533,,0,14,2017-07-25
1999,307,4,,0,14,2017-07-25
1999,309,1.1,,0,14,2017-07-25
1999,401,4,,0,14,2017-07-25
1999,415,0.24,,0,14,2017-07-25
1999,418,0,,0,14,2017-07-25
1999,605,1,,0,14,2017-07-25
1999,324,0,,0,14,2017-07-25
1999,430,0,,0,14,2017-07-25
1999,601,0,,0,14,2017-07-25
1704,208,89,,0,14,2017-07-25
1704,203,1.09,,0,14,2017-07-25
1704,204,0.33,,0,14,2017-07-25
1704,606,0.112,,0,14,2017-07-25
1704,205,22.84,,0,14,2017-07-25
1704,291,2.6,,0,14,2017-07-25
1704,269,12.23,,0,14,2017-07-25
1704,301,5,,0,14,2017-07-25
1704,303,0.26,,0,14,2017-07-25
1704,304,27,,0,14,2017-07-25
1704,306,358,,0,14,2017-07-25
1704,307,1,,0,14,2017-07-25
1704,309,0.15,,0,14,2017-07-25
1704,401,8.7,,0,14,2017-07-25
1704,415,0.367,,0,14,2017-07-25
1704,418,0,,0,14,2017-07-25
1704,605,0.1,,0,14,2017-07-25
1704,324,0,,0,14,2017-07-25
1704,430,0.5,,0,14,2017-07-25
1704,601,0,,0,14,2017-07-25
3254,208,91,,0,14,2017-07-25
3254,203,6.03,,0,14,2017-07-25
3254,204,0.29,,0,14,2017-07-25
3254,606,0.075,,0,14,2017-07-25
3254,205,16.55,,0,14,2017-07-25
3254,291,6.9,,0,14,2017-07-25
3254,269,0.23,,0,14,2017-07-25
3254,301,35,,0,14,2017-07-25
3254,303,1.9,,0,14,2017-07-25
3254,304,35,,0,14,2017-07-25
3254,306,308,,0,14,2017-07-25
3254,307,384,,0,14,2017-07-25
3254,309,0.54,,0,14,2017-07-25
3254,401,2.7,,0,14,2017-07-25
3254,415,0.055,,0,14,2017-07-25
3254,418,0,,0,14,2017-07-25
3254,605,0.62,,0,14,2017-07-25
3254,324,0,,0,14,2017-07-25
3254,430,2.3,,0,14,2017-07-25
3254,601,0,,0,14,2017-07-25
3379,208,84,,0,14,2017-07-25
3379,203,5.22,,0,14,2017-07-25
3379,204,0.6,,0,14,2017-07-25
3379,606,0.141,,0,14,2017-07-25
3379,205,14.5,,0,14,2017-07-25
3379,291,4.3,,0,14,2017-07-25
3379,269,1.85,,0,14,2017-07-25
3379,301,34,,0,14,2017-07-25
3379,303,1.17,,0,14,2017-07-25
3379,304,27,,0,14,2017-07-25
3379,306,237,,0,14,2017-07-25
3379,307,296,,0,14,2017-07-25
3379,309,0.46,,0,14,2017-07-25
3379,401,1.2,,0,14,2017-07-25
3379,415,0.074,,0,14,2017-07-25
3379,418,0,,0,14,2017-07-25
3379,605,0.02,,0,14,2017-07-25
3379,324,0,,0,14,2017-07-25
3379,430,4.1,,0,14,2017-07-25
3379,601,0,,0,14,2017-07-25
3266,208,113,,0,14,2017-07-25
3266,203,7.53,,0,14,2017-07-25
3266,204,0.43,,0,14,2017-07-25
3266,606,0.112,,0,14,2017-07-25
3266,205,20.45,,0,14,2017-07-25
3266,291,5.1,,0,14,2017-07-25
3266,269,0.28,,0,14,2017-07-25
3266,301,47,,0,14,2017-07-25
3266,303,1.85,,0,14,2017-07-25
3266,304,47,,0,14,2017-07-25
3266,306,288,,0,14,2017-07-25
3266,307,336,,0,14,2017-07-25
3266,309,0.77,,0,14,2017-07-25
3266,401,0.7,,0,14,2017-07-25
3266,415,0.103,,0,14,2017-07-25
3266,418,0,,0,14,2017-07-25
3266,605,0.78,,0,14,2017-07-25
3266,324,0,,0,14,2017-07-25
3266,430,2.9,,0,14,2017-07-25
3266,601,0,,0,14,2017-07-25
4086,208,410,,0,14,2017-07-25
4086,203,33.2,,0,14,2017-07-25
4086,204,25.6,,0,14,2017-07-25
4086,606,10.85,,0,14,2017-07-25
4086,205,11,,0,14,2017-07-25
4086,291,1.8,,0,14,2017-07-25
4086,269,9,,0,14,2017-07-25
4086,301,20,,0,14,2017-07-25
4086,303,5.42,,0,14,2017-07-25
4086,304,51,,0,14,2017-07-25
4086,306,597,,0,14,2017-07-25
4086,307,2081,,0,14,2017-07-25
4086,309,8.11,,0,14,2017-07-25
4086,401,0,,0,14,2017-07-25
4086,415,0.179,,0,14,2017-07-25
4086,418,0.99,,0,14,2017-07-25
4086,605,0.49,,0,14,2017-07-25
4086,324,11,,0,14,2017-07-25
4086,430,2.3,,0,14,2017-07-25
4086,601,48,,0,14,2017-07-25
5997,208,171,,0,14,2017-07-25
5997,203,29.79,,0,14,2017-07-25
5997,204,4.83,,0,14,2017-07-25
5997,606,1.656,,0,14,2017-07-25
5997,205,0,,0,14,2017-07-25
5997,291,0,,0,14,2017-07-25
5997,269,0,,0,14,2017-07-25
5997,301,16,,0,14,2017-07-25
5997,303,1.86,,0,14,2017-07-25
5997,304,15,,0,14,2017-07-25
5997,306,408,,0,14,2017-07-25
5997,307,66,,0,14,2017-07-25
5997,309,4.32,,0,14,2017-07-25
5997,401,0,,0,14,2017-07-25
5997,415,0.817,,0,14,2017-07-25
5997,418,2.13,,0,14,2017-07-25
5997,605,0.31,,0,14,2017-07-25
5997,324,1,,0,14,2017-07-25
5997,430,1.3,,0,14,2017-07-25
5997,601,74,,0,14,2017-07-25
2500,208,43,,0,14,2017-07-25
2500,203,1.61,,0,14,2017-07-25
2500,204,0.17,,0,14,2017-07-25
2500,606,0.027,,0,14,2017-07-25
2500,205,9.56,,0,14,2017-07-25
2500,291,2.8,,0,14,2017-07-25
2500,269,6.76,,0,14,2017-07-25
2500,301,16,,0,14,2017-07-25
2500,303,0.8,,0,14,2017-07-25
2500,304,23,,0,14,2017-07-25
2500,306,325,,0,14,2017-07-25
2500,307,78,,0,14,2017-07-25
2500,309,0.35,,0,14,2017-07-25
2500,401,4.9,,0,14,2017-07-25
2500,415,0.067,,0,14,2017-07-25
2500,418,0,,0,14,2017-07-25
2500,605,0.04,,0,14,2017-07-25
2500,324,0,,0,14,2017-07-25
2500,430,0.2,,0,14,2017-07-25
2500,601,0,,0,14,2017-07-25
1515,208,43,,0,14,2017-07-25
1515,203,1.39,,0,14,2017-07-25
1515,204,0.49,,0,14,2017-07-25
1515,606,0.014,,0,14,2017-07-25
1515,205,9.61,,0,14,2017-07-25
1515,291,5.3,,0,14,2017-07-25
1515,269,4.88,,0,14,2017-07-25
1515,301,29,,0,14,2017-07-25
1515,303,0.62,,0,14,2017-07-25
1515,304,20,,0,14,2017-07-25
1515,306,162,,0,14,2017-07-25
1515,307,1,,0,14,2017-07-25
1515,309,0.53,,0,14,2017-07-25
1515,401,21,,0,14,2017-07-25
1515,415,0.03,,0,14,2017-07-25
1515,418,0,,0,14,2017-07-25
1515,605,1.17,,0,14,2017-07-25
1515,324,0,,0,14,2017-07-25
1515,430,19.8,,0,14,2017-07-25
1515,601,0,,0,14,2017-07-25
1705,208,57,,0,14,2017-07-25
1705,203,0.74,,0,14,2017-07-25
1705,204,0.33,,0,14,2017-07-25
1705,606,0.028,,0,14,2017-07-25
1705,205,14.49,,0,14,2017-07-25
1705,291,2.4,,0,14,2017-07-25
1705,269,9.96,,0,14,2017-07-25
1705,301,6,,0,14,2017-07-25
1705,303,0.28,,0,14,2017-07-25
1705,304,6,,0,14,2017-07-25
1705,306,77,,0,14,2017-07-25
1705,307,1,,0,14,2017-07-25
1705,309,0.16,,0,14,2017-07-25
1705,401,9.7,,0,14,2017-07-25
1705,415,0.052,,0,14,2017-07-25
1705,418,0,,0,14,2017-07-25
1705,605,0.57,,0,14,2017-07-25
1705,324,0,,0,14,2017-07-25
1705,430,19.3,,0,14,2017-07-25
1705,601,0,,0,14,2017-07-25
3703,208,288,,0,14,2017-07-25
3703,203,14.52,,0,14,2017-07-25
3703,204,4.6,,0,14,2017-07-25
3703,606,0.948,,0,14,2017-07-25
3703,205,47.11,,0,14,2017-07-25
3703,291,8.1,,0,14,2017-07-25
3703,269,6.94,,0,14,2017-07-25
3703,301,111,,0,14,2017-07-25
3703,303,2.72,,0,14,2017-07-25
3703,304,85,,0,14,2017-07-25
3703,306,250,,0,14,2017-07-25
3703,307,414,,0,14,2017-07-25
3703,309,1.85,,0,14,2017-07-25
3703,401,0.1,,0,14,2017-07-25
3703,415,0.286,,0,14,2017-07-25
3703,418,0,,0,14,2017-07-25
3703,605,0.4,,0,14,2017-07-25
3703,324,0,,0,14,2017-07-25
3703,430,1.5,,0,14,2017-07-25
3703,601,0,,0,14,2017-07-25
3277,208,71,,0,14,2017-07-25
3277,203,8,,0,14,2017-07-25
3277,204,0.7,,0,14,2017-07-25
3277,606,0.1,,0,14,2017-07-25
3277,205,18,,0,14,2017-07-25
3277,291,8,,0,14,2017-07-25
3277,269,0,,0,14,2017-07-25
3277,301,26,,0,14,2017-07-25
3277,303,1,,0,14,2017-07-25
3277,304,32,,0,14,2017-07-25
3277,306,242,,0,14,2017-07-25
3277,307,453,,0,14,2017-07-25
3277,309,0.62,,0,14,2017-07-25
3277,401,1.8,,0,14,2017-07-25
3277,415,0.045,,0,14,2017-07-25
3277,418,0,,0,14,2017-07-25
3277,605,0,,0,14,2017-07-25
3277,324,0,,0,14,2017-07-25
3277,430,0,,0,14,2017-07-25
3277,601,0,,0,14,2017-07-25
2374,208,34,,0,14,2017-07-25
2374,203,2.82,,0,14,2017-07-25
2374,204,0.37,,0,14,2017-07-25
2374,606,0.039,,0,14,2017-07-25
2374,205,6.64,,0,14,2017-07-25
2374,291,2.6,,0,14,2017-07-25
2374,269,1.7,,0,14,2017-07-25
2374,301,47,,0,14,2017-07-25
2374,303,0.73,,0,14,2017-07-25
2374,304,21,,0,14,2017-07-25
2374,306,316,,0,14,2017-07-25
2374,307,33,,0,14,2017-07-25
2374,309,0.41,,0,14,2017-07-25
2374,401,89.2,,0,14,2017-07-25
2374,415,0.175,,0,14,2017-07-25
2374,418,0,,0,14,2017-07-25
2374,605,0.78,,0,14,2017-07-25
2374,324,0,,0,14,2017-07-25
2374,430,101.6,,0,14,2017-07-25
2374,601,0,,0,14,2017-07-25
2378,208,43,,0,14,2017-07-25
2378,203,3.38,,0,14,2017-07-25
2378,204,0.3,,0,14,2017-07-25
2378,606,0.062,,0,14,2017-07-25
2378,205,8.95,,0,14,2017-07-25
2378,291,3.8,,0,14,2017-07-25
2378,269,2.2,,0,14,2017-07-25
2378,301,42,,0,14,2017-07-25
2378,303,1.4,,0,14,2017-07-25
2378,304,23,,0,14,2017-07-25
2378,306,389,,0,14,2017-07-25
2378,307,25,,0,14,2017-07-25
2378,309,0.42,,0,14,2017-07-25
2378,401,85,,0,14,2017-07-25
2378,415,0.219,,0,14,2017-07-25
2378,418,0,,0,14,2017-07-25
2378,605,0.88,,0,14,2017-07-25
2378,324,0,,0,14,2017-07-25
2378,430,177,,0,14,2017-07-25
2378,601,0,,0,14,2017-07-25
2361,208,25,,0,14,2017-07-25
2361,203,1.28,,0,14,2017-07-25
2361,204,0.1,,0,14,2017-07-25
2361,606,0.034,,0,14,2017-07-25
2361,205,5.8,,0,14,2017-07-25
2361,291,2.5,,0,14,2017-07-25
2361,269,3.2,,0,14,2017-07-25
2361,301,40,,0,14,2017-07-25
2361,303,0.47,,0,14,2017-07-25
2361,304,12,,0,14,2017-07-25
2361,306,170,,0,14,2017-07-25
2361,307,18,,0,14,2017-07-25
2361,309,0.18,,0,14,2017-07-25
2361,401,36.6,,0,14,2017-07-25
2361,415,0.124,,0,14,2017-07-25
2361,418,0,,0,14,2017-07-25
2361,605,0.15,,0,14,2017-07-25
2361,324,0,,0,14,2017-07-25
2361,430,76,,0,14,2017-07-25
2361,601,0,,0,14,2017-07-25
4890,208,23,,0,14,2017-07-25
4890,203,2.36,,0,14,2017-07-25
4890,204,0.86,,0,14,2017-07-25
4890,606,0.233,,0,14,2017-07-25
4890,205,4.89,,0,14,2017-07-25
4890,291,3.2,,0,14,2017-07-25
4890,269,0.41,,0,14,2017-07-25
4890,301,40,,0,14,2017-07-25
4890,303,1.67,,0,14,2017-07-25
4890,304,33,,0,14,2017-07-25
4890,306,40,,0,14,2017-07-25
4890,307,2348,,0,14,2017-07-25
4890,309,0.32,,0,14,2017-07-25
4890,401,4.3,,0,14,2017-07-25
4890,415,0.023,,0,14,2017-07-25
4890,418,0,,0,14,2017-07-25
4890,605,0.88,,0,14,2017-07-25
4890,324,0,,0,14,2017-07-25
4890,430,24.6,,0,14,2017-07-25
4890,601,0,,0,14,2017-07-25
2380,208,41,,0,14,2017-07-25
2380,203,0.93,,0,14,2017-07-25
2380,204,0.24,,0,14,2017-07-25
2380,606,0.037,,0,14,2017-07-25
2380,205,9.58,,0,14,2017-07-25
2380,291,2.8,,0,14,2017-07-25
2380,269,4.74,,0,14,2017-07-25
2380,301,33,,0,14,2017-07-25
2380,303,0.3,,0,14,2017-07-25
2380,304,12,,0,14,2017-07-25
2380,306,320,,0,14,2017-07-25
2380,307,69,,0,14,2017-07-25
2380,309,0.24,,0,14,2017-07-25
2380,401,5.9,,0,14,2017-07-25
2380,415,0.138,,0,14,2017-07-25
2380,418,0,,0,14,2017-07-25
2380,605,0.66,,0,14,2017-07-25
2380,324,0,,0,14,2017-07-25
2380,430,13.2,,0,14,2017-07-25
2380,601,0,,0,14,2017-07-25
2548,208,587,,0,14,2017-07-25
2548,203,17.56,,0,14,2017-07-25
2548,204,49.41,,0,14,2017-07-25
2548,606,9.763,,0,14,2017-07-25
2548,205,27.57,,0,14,2017-07-25
2548,291,2,,0,14,2017-07-25
2548,269,0,,0,14,2017-07-25
2548,301,43,,0,14,2017-07-25
2548,303,5.03,,0,14,2017-07-25
2548,304,258,,0,14,2017-07-25
2548,306,546,,0,14,2017-07-25
2548,307,15,,0,14,2017-07-25
2548,309,5.16,,0,14,2017-07-25
2548,401,0,,0,14,2017-07-25
2548,415,0.252,,0,14,2017-07-25
2548,418,0,,0,14,2017-07-25
2548,605,0,,0,14,2017-07-25
2548,324,0,,0,14,2017-07-25
2548,430,0,,0,14,2017-07-25
2548,601,0,,0,14,2017-07-25
2546,208,574,,0,14,2017-07-25
2546,203,15.31,,0,14,2017-07-25
2546,204,46.35,,0,14,2017-07-25
2546,606,9.157,,0,14,2017-07-25
2546,205,32.69,,0,14,2017-07-25
2546,291,3,,0,14,2017-07-25
2546,269,5.01,,0,14,2017-07-25
2546,301,45,,0,14,2017-07-25
2546,303,6,,0,14,2017-07-25
2546,304,260,,0,14,2017-07-25
2546,306,565,,0,14,2017-07-25
2546,307,16,,0,14,2017-07-25
2546,309,5.6,,0,14,2017-07-25
2546,401,0,,0,14,2017-07-25
2546,415,0.256,,0,14,2017-07-25
2546,418,0,,0,14,2017-07-25
2546,605,0.92,,0,14,2017-07-25
2546,324,0,,0,14,2017-07-25
2546,430,34.7,,0,14,2017-07-25
2546,601,0,,0,14,2017-07-25
1475,208,376,,0,14,2017-07-25
1475,203,12.09,,0,14,2017-07-25
1475,204,6.73,,0,14,2017-07-25
1475,606,1.5,,0,14,2017-07-25
1475,205,73.23,,0,14,2017-07-25
1475,291,9.4,,0,14,2017-07-25
1475,269,4.36,,0,14,2017-07-25
1475,301,401,,0,14,2017-07-25
1475,303,33.17,,0,14,2017-07-25
1475,304,114,,0,14,2017-07-25
1475,306,641,,0,14,2017-07-25
1475,307,497,,0,14,2017-07-25
1475,309,16.73,,0,14,2017-07-25
1475,401,21.6,,0,14,2017-07-25
1475,415,2.39,,0,14,2017-07-25
1475,418,6.77,,0,14,2017-07-25
1475,605,0.65,,0,14,2017-07-25
1475,324,136,,0,14,2017-07-25
1475,430,1.8,,0,14,2017-07-25
1475,601,0,,0,14,2017-07-25
1222,208,489,,0,14,2017-07-25
1222,203,13.67,,0,14,2017-07-25
1222,204,24.31,,0,14,2017-07-25
1222,606,3.957,,0,14,2017-07-25
1222,205,53.88,,0,14,2017-07-25
1222,291,8.9,,0,14,2017-07-25
1222,269,19.8,,0,14,2017-07-25
1222,301,76,,0,14,2017-07-25
1222,303,3.95,,0,14,2017-07-25
1222,304,168,,0,14,2017-07-25
1222,306,539,,0,14,2017-07-25
1222,307,26,,0,14,2017-07-25
1222,309,4.17,,0,14,2017-07-25
1222,401,1.2,,0,14,2017-07-25
1222,415,0.37,,0,14,2017-07-25
1222,418,0,,0,14,2017-07-25
1222,605,11.1,,0,14,2017-07-25
1222,324,0,,0,14,2017-07-25
1222,430,5.3,,0,14,2017-07-25
1222,601,0,,0,14,2017-07-25
1472,208,259,,0,14,2017-07-25
1472,203,13.14,,0,14,2017-07-25
1472,204,4.9,,0,14,2017-07-25
1472,606,1.1,,0,14,2017-07-25
1472,205,74.24,,0,14,2017-07-25
1472,291,29.3,,0,14,2017-07-25
1472,269,15.69,,0,14,2017-07-25
1472,301,389,,0,14,2017-07-25
1472,303,17.6,,0,14,2017-07-25
1472,304,362,,0,14,2017-07-25
1472,306,1020,,0,14,2017-07-25
1472,307,258,,0,14,2017-07-25
1472,309,12.4,,0,14,2017-07-25
1472,401,20,,0,14,2017-07-25
1472,415,12,,0,14,2017-07-25
1472,418,18.8,,0,14,2017-07-25
1472,605,1.19,,0,14,2017-07-25
1472,324,170,,0,14,2017-07-25
1472,430,5.2,,0,14,2017-07-25
1472,601,0,,0,14,2017-07-25
2052,208,19,,0,14,2017-07-25
2052,203,1.8,,0,14,2017-07-25
2052,204,0.2,,0,14,2017-07-25
2052,606,0.03,,0,14,2017-07-25
2052,205,3.74,,0,14,2017-07-25
2052,291,1.6,,0,14,2017-07-25
2052,269,1.1,,0,14,2017-07-25
2052,301,51,,0,14,2017-07-25
2052,303,1.8,,0,14,2017-07-25
2052,304,81,,0,14,2017-07-25
2052,306,379,,0,14,2017-07-25
2052,307,213,,0,14,2017-07-25
2052,309,0.36,,0,14,2017-07-25
2052,401,30,,0,14,2017-07-25
2052,415,0.099,,0,14,2017-07-25
2052,418,0,,0,14,2017-07-25
2052,605,1.89,,0,14,2017-07-25
2052,324,0,,0,14,2017-07-25
2052,430,830,,0,14,2017-07-25
2052,601,0,,0,14,2017-07-25
107,208,72,,0,14,2017-07-25
107,203,12.39,,0,14,2017-07-25
107,204,1.02,,0,14,2017-07-25
107,606,0.645,,0,14,2017-07-25
107,205,2.72,,0,14,2017-07-25
107,291,0,,0,14,2017-07-25
107,269,2.72,,0,14,2017-07-25
107,301,61,,0,14,2017-07-25
107,303,0.14,,0,14,2017-07-25
107,304,5,,0,14,2017-07-25
107,306,86,,0,14,2017-07-25
107,307,406,,0,14,2017-07-25
107,309,0.38,,0,14,2017-07-25
107,401,0,,0,14,2017-07-25
107,415,0.068,,0,14,2017-07-25
107,418,0.63,,0,14,2017-07-25
107,605,0.01,,0,14,2017-07-25
107,324,0,,0,14,2017-07-25
107,430,0.1,,0,14,2017-07-25
107,601,4,,0,14,2017-07-25
108,208,264,,0,14,2017-07-25
108,203,14.21,,0,14,2017-07-25
108,204,21.28,,0,14,2017-07-25
108,606,14.946,,0,14,2017-07-25
108,205,4.09,,0,14,2017-07-25
108,291,0,,0,14,2017-07-25
108,269,4.09,,0,14,2017-07-25
108,301,493,,0,14,2017-07-25
108,303,0.65,,0,14,2017-07-25
108,304,19,,0,14,2017-07-25
108,306,62,,0,14,2017-07-25
108,307,917,,0,14,2017-07-25
108,309,2.88,,0,14,2017-07-25
108,401,0,,0,14,2017-07-25
108,415,0.424,,0,14,2017-07-25
108,418,1.69,,0,14,2017-07-25
108,605,0.18,,0,14,2017-07-25
108,324,16,,0,14,2017-07-25
108,430,1.8,,0,14,2017-07-25
108,601,89,,0,14,2017-07-25
111,208,254,,0,14,2017-07-25
111,203,24.26,,0,14,2017-07-25
111,204,15.92,,0,14,2017-07-25
111,606,10.114,,0,14,2017-07-25
111,205,2.77,,0,14,2017-07-25
111,291,0,,0,14,2017-07-25
111,269,1.13,,0,14,2017-07-25
111,301,782,,0,14,2017-07-25
111,303,0.22,,0,14,2017-07-25
111,304,23,,0,14,2017-07-25
111,306,84,,0,14,2017-07-25
111,307,619,,0,14,2017-07-25
111,309,2.76,,0,14,2017-07-25
111,401,0,,0,14,2017-07-25
111,415,0.07,,0,14,2017-07-25
111,418,0.82,,0,14,2017-07-25
111,605,0.14,,0,14,2017-07-25
111,324,12,,0,14,2017-07-25
111,430,1.6,,0,14,2017-07-25
111,601,64,,0,14,2017-07-25
47,208,334,,0,14,2017-07-25
47,203,24.73,,0,14,2017-07-25
47,204,25.01,,0,14,2017-07-25
47,606,16.045,,0,14,2017-07-25
47,205,2.1,,0,14,2017-07-25
47,291,0,,0,14,2017-07-25
47,269,1.23,,0,14,2017-07-25
47,301,772,,0,14,2017-07-25
47,303,0.61,,0,14,2017-07-25
47,304,29,,0,14,2017-07-25
47,306,216,,0,14,2017-07-25
47,307,1370,,0,14,2017-07-25
47,309,3.61,,0,14,2017-07-25
47,401,0,,0,14,2017-07-25
47,415,0.036,,0,14,2017-07-25
47,418,1.23,,0,14,2017-07-25
47,605,0.34,,0,14,2017-07-25
47,324,18,,0,14,2017-07-25
47,430,2.2,,0,14,2017-07-25
47,601,85,,0,14,2017-07-25
2511,208,486,,0,14,2017-07-25
2511,203,16.54,,0,14,2017-07-25
2511,204,30.74,,0,14,2017-07-25
2511,606,3.33,,0,14,2017-07-25
2511,205,42.12,,0,14,2017-07-25
2511,291,34.4,,0,14,2017-07-25
2511,269,0,,0,14,2017-07-25
2511,301,631,,0,14,2017-07-25
2511,303,7.72,,0,14,2017-07-25
2511,304,335,,0,14,2017-07-25
2511,306,407,,0,14,2017-07-25
2511,307,16,,0,14,2017-07-25
2511,309,4.58,,0,14,2017-07-25
2511,401,1.6,,0,14,2017-07-25
2511,415,0,,0,14,2017-07-25
2511,418,0,,0,14,2017-07-25
2511,605,0.5,,0,14,2017-07-25
2511,324,0,,0,14,2017-07-25
2511,430,0,,0,14,2017-07-25
2511,601,0,,0,14,2017-07-25
918,208,143,,0,14,2017-07-25
918,203,17.44,,0,14,2017-07-25
918,204,8.1,,0,14,2017-07-25
918,606,2.301,,0,14,2017-07-25
918,205,0.04,,0,14,2017-07-25
918,291,0,,0,14,2017-07-25
918,269,0,,0,14,2017-07-25
918,301,6,,0,14,2017-07-25
918,303,0.82,,0,14,2017-07-25
918,304,21,,0,14,2017-07-25
918,306,522,,0,14,2017-07-25
918,307,60,,0,14,2017-07-25
918,309,1.47,,0,14,2017-07-25
918,401,0,,0,14,2017-07-25
918,415,0.512,,0,14,2017-07-25
918,418,0.56,,0,14,2017-07-25
918,605,0.27,,0,14,2017-07-25
918,324,0,,0,14,2017-07-25
918,430,0.8,,0,14,2017-07-25
918,601,86,,0,14,2017-07-25
644,208,153,,0,14,2017-07-25
644,203,27.13,,0,14,2017-07-25
644,204,4.07,,0,14,2017-07-25
644,606,1.08,,0,14,2017-07-25
644,205,0,,0,14,2017-07-25
644,291,0,,0,14,2017-07-25
644,269,0,,0,14,2017-07-25
644,301,13,,0,14,2017-07-25
644,303,1.08,,0,14,2017-07-25
644,304,23,,0,14,2017-07-25
644,306,236,,0,14,2017-07-25
644,307,51,,0,14,2017-07-25
644,309,0.78,,0,14,2017-07-25
644,401,0,,0,14,2017-07-25
644,415,0.54,,0,14,2017-07-25
644,418,0.31,,0,14,2017-07-25
644,605,0.27,,0,14,2017-07-25
644,324,5,,0,14,2017-07-25
644,430,0.3,,0,14,2017-07-25
644,601,75,,0,14,2017-07-25
640,208,167,,0,14,2017-07-25
640,203,25.01,,0,14,2017-07-25
640,204,6.63,,0,14,2017-07-25
640,606,1.81,,0,14,2017-07-25
640,205,0,,0,14,2017-07-25
640,291,0,,0,14,2017-07-25
640,269,0,,0,14,2017-07-25
640,301,12,,0,14,2017-07-25
640,303,1.21,,0,14,2017-07-25
640,304,21,,0,14,2017-07-25
640,306,229,,0,14,2017-07-25
640,307,75,,0,14,2017-07-25
640,309,1.52,,0,14,2017-07-25
640,401,0,,0,14,2017-07-25
640,415,0.41,,0,14,2017-07-25
640,418,0.29,,0,14,2017-07-25
640,605,0,,0,14,2017-07-25
640,324,0,,0,14,2017-07-25
640,430,0,,0,14,2017-07-25
640,601,75,,0,14,2017-07-25
502261,208,139,,0,14,2017-07-25
502261,203,7.05,,0,14,2017-07-25
502261,204,2.77,,0,14,2017-07-25
502261,606,0.214,,0,14,2017-07-25
502261,205,22.53,,0,14,2017-07-25
502261,291,6.4,,0,14,2017-07-25
502261,269,4.01,,0,14,2017-07-25
502261,301,45,,0,14,2017-07-25
502261,303,1.07,,0,14,2017-07-25
502261,304,26,,0,14,2017-07-25
502261,306,126,,0,14,2017-07-25
502261,307,246,,0,14,2017-07-25
502261,309,0.63,,0,14,2017-07-25
502261,401,0.1,,0,14,2017-07-25
502261,415,0.116,,0,14,2017-07-25
502261,418,0,,0,14,2017-07-25
502261,605,0.29,,0,14,2017-07-25
502261,324,0,,0,14,2017-07-25
502261,430,3.4,,0,14,2017-07-25
502261,601,0,,0,14,2017-07-25
178,208,247,,0,14,2017-07-25
178,203,3.99,,0,14,2017-07-25
178,204,1.24,,0,14,2017-07-25
178,606,0.345,,0,14,2017-07-25
178,205,80.59,,0,14,2017-07-25
178,291,53.1,,0,14,2017-07-25
178,269,2.17,,0,14,2017-07-25
178,301,1002,,0,14,2017-07-25
178,303,8.32,,0,14,2017-07-25
178,304,60,,0,14,2017-07-25
178,306,431,,0,14,2017-07-25
178,307,10,,0,14,2017-07-25
178,309,1.83,,0,14,2017-07-25
178,401,3.8,,0,14,2017-07-25
178,415,0.158,,0,14,2017-07-25
178,418,0,,0,14,2017-07-25
178,605,2.32,,0,14,2017-07-25
178,324,0,,0,14,2017-07-25
178,430,31.2,,0,14,2017-07-25
178,601,0,,0,14,2017-07-25
179,208,274,,0,14,2017-07-25
179,203,5.97,,0,14,2017-07-25
179,204,13,,0,14,2017-07-25
179,606,3.952,,0,14,2017-07-25
179,205,65.53,,0,14,2017-07-25
179,291,33.9,,0,14,2017-07-25
179,269,2.38,,0,14,2017-07-25
179,301,632,,0,14,2017-07-25
179,303,11.83,,0,14,2017-07-25
179,304,259,,0,14,2017-07-25
179,306,1020,,0,14,2017-07-25
179,307,277,,0,14,2017-07-25
179,309,2.32,,0,14,2017-07-25
179,401,0.2,,0,14,2017-07-25
179,415,0.391,,0,14,2017-07-25
179,418,0,,0,14,2017-07-25
179,605,8.82,,0,14,2017-07-25
179,324,0,,0,14,2017-07-25
179,430,141.8,,0,14,2017-07-25
179,601,0,,0,14,2017-07-25
2558,208,354,,0,14,2017-07-25
2558,203,3.33,,0,14,2017-07-25
2558,204,33.49,,0,14,2017-07-25
2558,606,29.698,,0,14,2017-07-25
2558,205,15.23,,0,14,2017-07-25
2558,291,9,,0,14,2017-07-25
2558,269,6.23,,0,14,2017-07-25
2558,301,14,,0,14,2017-07-25
2558,303,2.43,,0,14,2017-07-25
2558,304,32,,0,14,2017-07-25
2558,306,356,,0,14,2017-07-25
2558,307,20,,0,14,2017-07-25
2558,309,1.1,,0,14,2017-07-25
2558,401,3.3,,0,14,2017-07-25
2558,415,0.054,,0,14,2017-07-25
2558,418,0,,0,14,2017-07-25
2558,605,0.24,,0,14,2017-07-25
2558,324,0,,0,14,2017-07-25
2558,430,0.2,,0,14,2017-07-25
2558,601,0,,0,14,2017-07-25
2643,208,230,,0,14,2017-07-25
2643,203,2.29,,0,14,2017-07-25
2643,204,23.84,,0,14,2017-07-25
2643,606,21.14,,0,14,2017-07-25
2643,205,5.54,,0,14,2017-07-25
2643,291,2.2,,0,14,2017-07-25
2643,269,3.34,,0,14,2017-07-25
2643,301,16,,0,14,2017-07-25
2643,303,1.64,,0,14,2017-07-25
2643,304,37,,0,14,2017-07-25
2643,306,263,,0,14,2017-07-25
2643,307,15,,0,14,2017-07-25
2643,309,0.67,,0,14,2017-07-25
2643,401,2.8,,0,14,2017-07-25
2643,415,0.033,,0,14,2017-07-25
2643,418,0,,0,14,2017-07-25
2643,605,0.15,,0,14,2017-07-25
2643,324,0,,0,14,2017-07-25
2643,430,0.1,,0,14,2017-07-25
2643,601,0,,0,14,2017-07-25
2063,208,32,,0,14,2017-07-25
2063,203,3.02,,0,14,2017-07-25
2063,204,0.61,,0,14,2017-07-25
2063,606,0.055,,0,14,2017-07-25
2063,205,5.42,,0,14,2017-07-25
2063,291,4,,0,14,2017-07-25
2063,269,0.46,,0,14,2017-07-25
2063,301,232,,0,14,2017-07-25
2063,303,0.47,,0,14,2017-07-25
2063,304,27,,0,14,2017-07-25
2063,306,213,,0,14,2017-07-25
2063,307,17,,0,14,2017-07-25
2063,309,0.21,,0,14,2017-07-25
2063,401,35.3,,0,14,2017-07-25
2063,415,0.165,,0,14,2017-07-25
2063,418,0,,0,14,2017-07-25
2063,605,2.26,,0,14,2017-07-25
2063,324,0,,0,14,2017-07-25
2063,430,437.1,,0,14,2017-07-25
2063,601,0,,0,14,2017-07-25
2388,208,86,,0,14,2017-07-25
2388,203,3.27,,0,14,2017-07-25
2388,204,1.35,,0,14,2017-07-25
2388,606,0.325,,0,14,2017-07-25
2388,205,18.7,,0,14,2017-07-25
2388,291,2,,0,14,2017-07-25
2388,269,6.26,,0,14,2017-07-25
2388,301,2,,0,14,2017-07-25
2388,303,0.52,,0,14,2017-07-25
2388,304,37,,0,14,2017-07-25
2388,306,270,,0,14,2017-07-25
2388,307,15,,0,14,2017-07-25
2388,309,0.46,,0,14,2017-07-25
2388,401,6.8,,0,14,2017-07-25
2388,415,0.093,,0,14,2017-07-25
2388,418,0,,0,14,2017-07-25
2388,605,0.07,,0,14,2017-07-25
2388,324,0,,0,14,2017-07-25
2388,430,0.3,,0,14,2017-07-25
2388,601,0,,0,14,2017-07-25
4490,208,112,,0,14,2017-07-25
4490,203,3.79,,0,14,2017-07-25
4490,204,0.16,,0,14,2017-07-25
4490,606,0.029,,0,14,2017-07-25
4490,205,23.22,,0,14,2017-07-25
4490,291,1.4,,0,14,2017-07-25
4490,269,0.1,,0,14,2017-07-25
4490,301,8,,0,14,2017-07-25
4490,303,0.38,,0,14,2017-07-25
4490,304,8,,0,14,2017-07-25
4490,306,58,,0,14,2017-07-25
4490,307,5,,0,14,2017-07-25
4490,309,0.26,,0,14,2017-07-25
4490,401,0,,0,14,2017-07-25
4490,415,0.051,,0,14,2017-07-25
4490,418,0,,0,14,2017-07-25
4490,605,0.13,,0,14,2017-07-25
4490,324,0,,0,14,2017-07-25
4490,430,0.1,,0,14,2017-07-25
4490,601,0,,0,14,2017-07-25
184,208,305,,0,14,2017-07-25
184,203,15.98,,0,14,2017-07-25
184,204,14.54,,0,14,2017-07-25
184,606,0.73,,0,14,2017-07-25
184,205,55.17,,0,14,2017-07-25
184,291,21.1,,0,14,2017-07-25
184,269,0,,0,14,2017-07-25
184,301,1516,,0,14,2017-07-25
184,303,16.33,,0,14,2017-07-25
184,304,256,,0,14,2017-07-25
184,306,1186,,0,14,2017-07-25
184,307,20,,0,14,2017-07-25
184,309,5.2,,0,14,2017-07-25
184,401,21,,0,14,2017-07-25
184,415,0.25,,0,14,2017-07-25
184,418,0,,0,14,2017-07-25
184,605,0,,0,14,2017-07-25
184,324,0,,0,14,2017-07-25
184,430,0,,0,14,2017-07-25
184,601,0,,0,14,2017-07-25
6218,208,121,,0,14,2017-07-25
6218,203,11.91,,0,14,2017-07-25
6218,204,5.2,,0,14,2017-07-25
6218,606,0.62,,0,14,2017-07-25
6218,205,8.91,,0,14,2017-07-25
6218,291,5.2,,0,14,2017-07-25
6218,269,2.18,,0,14,2017-07-25
6218,301,63,,0,14,2017-07-25
6218,303,2.27,,0,14,2017-07-25
6218,304,64,,0,14,2017-07-25
6218,306,436,,0,14,2017-07-25
6218,307,6,,0,14,2017-07-25
6218,309,1.37,,0,14,2017-07-25
6218,401,6.1,,0,14,2017-07-25
6218,415,0.1,,0,14,2017-07-25
6218,418,0,,0,14,2017-07-25
6218,605,0.68,,0,14,2017-07-25
6218,324,0,,0,14,2017-07-25
6218,430,26.7,,0,14,2017-07-25
6218,601,0,,0,14,2017-07-25
126,208,52,,0,14,2017-07-25
126,203,10.9,,0,14,2017-07-25
126,204,0.17,,0,14,2017-07-25
126,606,0,,0,14,2017-07-25
126,205,0.73,,0,14,2017-07-25
126,291,0,,0,14,2017-07-25
126,269,0.71,,0,14,2017-07-25
126,301,7,,0,14,2017-07-25
126,303,0.08,,0,14,2017-07-25
126,304,11,,0,14,2017-07-25
126,306,163,,0,14,2017-07-25
126,307,166,,0,14,2017-07-25
126,309,0.03,,0,14,2017-07-25
126,401,0,,0,14,2017-07-25
126,415,0.005,,0,14,2017-07-25
126,418,0.09,,0,14,2017-07-25
126,605,0,,0,14,2017-07-25
126,324,0,,0,14,2017-07-25
126,430,0,,0,14,2017-07-25
126,601,0,,0,14,2017-07-25
129,208,196,,0,14,2017-07-25
129,203,13.61,,0,14,2017-07-25
129,204,14.84,,0,14,2017-07-25
129,606,4.323,,0,14,2017-07-25
129,205,0.83,,0,14,2017-07-25
129,291,0,,0,14,2017-07-25
129,269,0.4,,0,14,2017-07-25
129,301,62,,0,14,2017-07-25
129,303,1.89,,0,14,2017-07-25
129,304,13,,0,14,2017-07-25
129,306,152,,0,14,2017-07-25
129,307,207,,0,14,2017-07-25
129,309,1.39,,0,14,2017-07-25
129,401,0,,0,14,2017-07-25
129,415,0.184,,0,14,2017-07-25
129,418,0.97,,0,14,2017-07-25
129,605,1.31,,0,14,2017-07-25
129,324,88,,0,14,2017-07-25
129,430,5.6,,0,14,2017-07-25
129,601,401,,0,14,2017-07-25
130,208,155,,0,14,2017-07-25
130,203,12.58,,0,14,2017-07-25
130,204,10.61,,0,14,2017-07-25
130,606,3.267,,0,14,2017-07-25
130,205,1.12,,0,14,2017-07-25
130,291,0,,0,14,2017-07-25
130,269,1.12,,0,14,2017-07-25
130,301,50,,0,14,2017-07-25
130,303,1.19,,0,14,2017-07-25
130,304,10,,0,14,2017-07-25
130,306,126,,0,14,2017-07-25
130,307,124,,0,14,2017-07-25
130,309,1.05,,0,14,2017-07-25
130,401,0,,0,14,2017-07-25
130,415,0.121,,0,14,2017-07-25
130,418,1.11,,0,14,2017-07-25
130,605,1.03,,0,14,2017-07-25
130,324,87,,0,14,2017-07-25
130,430,0.3,,0,14,2017-07-25
130,601,373,,0,14,2017-07-25
125,208,143,,0,14,2017-07-25
125,203,12.56,,0,14,2017-07-25
125,204,9.51,,0,14,2017-07-25
125,606,3.126,,0,14,2017-07-25
125,205,0.72,,0,14,2017-07-25
125,291,0,,0,14,2017-07-25
125,269,0.37,,0,14,2017-07-25
125,301,56,,0,14,2017-07-25
125,303,1.75,,0,14,2017-07-25
125,304,12,,0,14,2017-07-25
125,306,138,,0,14,2017-07-25
125,307,142,,0,14,2017-07-25
125,309,1.29,,0,14,2017-07-25
125,401,0,,0,14,2017-07-25
125,415,0.17,,0,14,2017-07-25
125,418,0.89,,0,14,2017-07-25
125,605,1.05,,0,14,2017-07-25
125,324,82,,0,14,2017-07-25
125,430,0.3,,0,14,2017-07-25
125,601,372,,0,14,2017-07-25
2088,208,25,,0,14,2017-07-25
2088,203,0.98,,0,14,2017-07-25
2088,204,0.18,,0,14,2017-07-25
2088,606,0.034,,0,14,2017-07-25
2088,205,5.88,,0,14,2017-07-25
2088,291,3,,0,14,2017-07-25
2088,269,3.53,,0,14,2017-07-25
2088,301,9,,0,14,2017-07-25
2088,303,0.23,,0,14,2017-07-25
2088,304,14,,0,14,2017-07-25
2088,306,229,,0,14,2017-07-25
2088,307,2,,0,14,2017-07-25
2088,309,0.16,,0,14,2017-07-25
2088,401,2.2,,0,14,2017-07-25
2088,415,0.084,,0,14,2017-07-25
2088,418,0,,0,14,2017-07-25
2088,605,0.3,,0,14,2017-07-25
2088,324,0,,0,14,2017-07-25
2088,430,3.5,,0,14,2017-07-25
2088,601,0,,0,14,2017-07-25
1544,208,73,,0,14,2017-07-25
1544,203,0.66,,0,14,2017-07-25
1544,204,0.5,,0,14,2017-07-25
1544,606,0.023,,0,14,2017-07-25
1544,205,18.4,,0,14,2017-07-25
1544,291,7,,0,14,2017-07-25
1544,269,0,,0,14,2017-07-25
1544,301,38,,0,14,2017-07-25
1544,303,1.6,,0,14,2017-07-25
1544,304,5,,0,14,2017-07-25
1544,306,280,,0,14,2017-07-25
1544,307,6,,0,14,2017-07-25
1544,309,0.11,,0,14,2017-07-25
1544,401,36,,0,14,2017-07-25
1544,415,0.23,,0,14,2017-07-25
1544,418,0,,0,14,2017-07-25
1544,605,0,,0,14,2017-07-25
1544,324,0,,0,14,2017-07-25
1544,430,0,,0,14,2017-07-25
1544,601,0,,0,14,2017-07-25
3339,208,333,,0,14,2017-07-25
3339,203,13.31,,0,14,2017-07-25
3339,204,17.8,,0,14,2017-07-25
3339,606,2.383,,0,14,2017-07-25
3339,205,31.84,,0,14,2017-07-25
3339,291,0,,0,14,2017-07-25
3339,269,0,,0,14,2017-07-25
3339,301,54,,0,14,2017-07-25
3339,303,3.42,,0,14,2017-07-25
3339,304,82,,0,14,2017-07-25
3339,306,585,,0,14,2017-07-25
3339,307,294,,0,14,2017-07-25
3339,309,1.5,,0,14,2017-07-25
3339,401,1.6,,0,14,2017-07-25
3339,415,0.125,,0,14,2017-07-25
3339,418,0,,0,14,2017-07-25
3339,605,0,,0,14,2017-07-25
3339,324,0,,0,14,2017-07-25
3339,430,0,,0,14,2017-07-25
3339,601,0,,0,14,2017-07-25
1711,208,74,,0,14,2017-07-25
1711,203,0.75,,0,14,2017-07-25
1711,204,0.3,,0,14,2017-07-25
1711,606,0.06,,0,14,2017-07-25
1711,205,19.18,,0,14,2017-07-25
1711,291,2.9,,0,14,2017-07-25
1711,269,16.26,,0,14,2017-07-25
1711,301,35,,0,14,2017-07-25
1711,303,0.37,,0,14,2017-07-25
1711,304,17,,0,14,2017-07-25
1711,306,232,,0,14,2017-07-25
1711,307,1,,0,14,2017-07-25
1711,309,0.15,,0,14,2017-07-25
1711,401,2,,0,14,2017-07-25
1711,415,0.113,,0,14,2017-07-25
1711,418,0,,0,14,2017-07-25
1711,605,0.11,,0,14,2017-07-25
1711,324,0,,0,14,2017-07-25
1711,430,4.7,,0,14,2017-07-25
1711,601,0,,0,14,2017-07-25
457,208,902,,0,14,2017-07-25
457,203,0,,0,14,2017-07-25
457,204,100,,0,14,2017-07-25
457,606,22.608,,0,14,2017-07-25
457,205,0,,0,14,2017-07-25
457,291,0,,0,14,2017-07-25
457,269,0,,0,14,2017-07-25
457,301,0,,0,14,2017-07-25
457,303,0,,0,14,2017-07-25
457,304,0,,0,14,2017-07-25
457,306,0,,0,14,2017-07-25
457,307,0,,0,14,2017-07-25
457,309,0,,0,14,2017-07-25
457,401,0,,0,14,2017-07-25
457,415,0,,0,14,2017-07-25
457,418,0,,0,14,2017-07-25
457,605,0,,0,14,2017-07-25
457,324,10000,,0,14,2017-07-25
457,430,0,,0,14,2017-07-25
457,601,570,,0,14,2017-07-25
3139,208,85,,0,14,2017-07-25
3139,203,18.73,,0,14,2017-07-25
3139,204,0.5,,0,14,2017-07-25
3139,606,0.105,,0,14,2017-07-25
3139,205,0,,0,14,2017-07-25
3139,291,0,,0,14,2017-07-25
3139,269,0,,0,14,2017-07-25
3139,301,10,,0,14,2017-07-25
3139,303,0.2,,0,14,2017-07-25
3139,304,24,,0,14,2017-07-25
3139,306,289,,0,14,2017-07-25
3139,307,372,,0,14,2017-07-25
3139,309,0.39,,0,14,2017-07-25
3139,401,0,,0,14,2017-07-25
3139,415,0.136,,0,14,2017-07-25
3139,418,2.31,,0,14,2017-07-25
3139,605,0.67,,0,14,2017-07-25
3139,324,24,,0,14,2017-07-25
3139,430,0,,0,14,2017-07-25
3139,601,57,,0,14,2017-07-25
3053,208,156,,0,14,2017-07-25
3053,203,26.48,,0,14,2017-07-25
3053,204,5.57,,0,14,2017-07-25
3053,606,0.969,,0,14,2017-07-25
3053,205,0,,0,14,2017-07-25
3053,291,0,,0,14,2017-07-25
3053,269,0,,0,14,2017-07-25
3053,301,11,,0,14,2017-07-25
3053,303,0.52,,0,14,2017-07-25
3053,304,36,,0,14,2017-07-25
3053,306,436,,0,14,2017-07-25
3053,307,92,,0,14,2017-07-25
3053,309,0.55,,0,14,2017-07-25
3053,401,0,,0,14,2017-07-25
3053,415,0.827,,0,14,2017-07-25
3053,418,4.47,,0,14,2017-07-25
3053,605,0.99,,0,14,2017-07-25
3053,324,670,,0,14,2017-07-25
3053,430,0.1,,0,14,2017-07-25
3053,601,61,,0,14,2017-07-25
5967,208,128,,0,14,2017-07-25
5967,203,26.15,,0,14,2017-07-25
5967,204,2.65,,0,14,2017-07-25
5967,606,0.94,,0,14,2017-07-25
5967,205,0,,0,14,2017-07-25
5967,291,0,,0,14,2017-07-25
5967,269,0,,0,14,2017-07-25
5967,301,14,,0,14,2017-07-25
5967,303,0.69,,0,14,2017-07-25
5967,304,34,,0,14,2017-07-25
5967,306,380,,0,14,2017-07-25
5967,307,56,,0,14,2017-07-25
5967,309,0.41,,0,14,2017-07-25
5967,401,0,,0,14,2017-07-25
5967,415,0.123,,0,14,2017-07-25
5967,418,1.86,,0,14,2017-07-25
5967,605,0.79,,0,14,2017-07-25
5967,324,150,,0,14,2017-07-25
5967,430,0.9,,0,14,2017-07-25
5967,601,57,,0,14,2017-07-25
2394,208,149,,0,14,2017-07-25
2394,203,6.36,,0,14,2017-07-25
2394,204,0.5,,0,14,2017-07-25
2394,606,0.089,,0,14,2017-07-25
2394,205,33.06,,0,14,2017-07-25
2394,291,2.1,,0,14,2017-07-25
2394,269,1,,0,14,2017-07-25
2394,301,181,,0,14,2017-07-25
2394,303,1.7,,0,14,2017-07-25
2394,304,25,,0,14,2017-07-25
2394,306,401,,0,14,2017-07-25
2394,307,17,,0,14,2017-07-25
2394,309,1.16,,0,14,2017-07-25
2394,401,31.2,,0,14,2017-07-25
2394,415,1.235,,0,14,2017-07-25
2394,418,0,,0,14,2017-07-25
2394,605,0.08,,0,14,2017-07-25
2394,324,0,,0,14,2017-07-25
2394,430,1.7,,0,14,2017-07-25
2394,601,0,,0,14,2017-07-25
4230,208,62,,0,14,2017-07-25
4230,203,1.22,,0,14,2017-07-25
4230,204,0,,0,14,2017-07-25
4230,606,0,,0,14,2017-07-25
4230,205,14.19,,0,14,2017-07-25
4230,291,0,,0,14,2017-07-25
4230,269,13.49,,0,14,2017-07-25
4230,301,3,,0,14,2017-07-25
4230,303,0.02,,0,14,2017-07-25
4230,304,1,,0,14,2017-07-25
4230,306,1,,0,14,2017-07-25
4230,307,75,,0,14,2017-07-25
4230,309,0.01,,0,14,2017-07-25
4230,401,0,,0,14,2017-07-25
4230,415,0,,0,14,2017-07-25
4230,418,0,,0,14,2017-07-25
4230,605,0,,0,14,2017-07-25
4230,324,0,,0,14,2017-07-25
4230,430,0,,0,14,2017-07-25
4230,601,0,,0,14,2017-07-25
2091,208,80,,0,14,2017-07-25
2091,203,1.82,,0,14,2017-07-25
2091,204,0.75,,0,14,2017-07-25
2091,606,0.203,,0,14,2017-07-25
2091,205,17.77,,0,14,2017-07-25
2091,291,2,,0,14,2017-07-25
2091,269,1.7,,0,14,2017-07-25
2091,301,16,,0,14,2017-07-25
2091,303,0.6,,0,14,2017-07-25
2091,304,43,,0,14,2017-07-25
2091,306,415,,0,14,2017-07-25
2091,307,13,,0,14,2017-07-25
2091,309,0.34,,0,14,2017-07-25
2091,401,5,,0,14,2017-07-25
2091,415,0.16,,0,14,2017-07-25
2091,418,0,,0,14,2017-07-25
2091,605,0.26,,0,14,2017-07-25
2091,324,0,,0,14,2017-07-25
2091,430,0.1,,0,14,2017-07-25
2091,601,0,,0,14,2017-07-25
501662,208,349,,0,14,2017-07-25
501662,203,14.26,,0,14,2017-07-25
501662,204,0.39,,0,14,2017-07-25
501662,606,0,,0,14,2017-07-25
501662,205,77.06,,0,14,2017-07-25
501662,291,13,,0,14,2017-07-25
501662,269,45.61,,0,14,2017-07-25
501662,301,190,,0,14,2017-07-25
501662,303,6.8,,0,14,2017-07-25
501662,304,0,,0,14,2017-07-25
501662,306,0,,0,14,2017-07-25
501662,307,298,,0,14,2017-07-25
501662,309,0,,0,14,2017-07-25
501662,401,48.4,,0,14,2017-07-25
501662,415,0,,0,14,2017-07-25
501662,418,0,,0,14,2017-07-25
501662,605,0,,0,14,2017-07-25
501662,324,0,,0,14,2017-07-25
501662,430,0,,0,14,2017-07-25
501662,601,0,,0,14,2017-07-25
1560,208,44,,0,14,2017-07-25
1560,203,0.88,,0,14,2017-07-25
1560,204,0.58,,0,14,2017-07-25
1560,606,0.038,,0,14,2017-07-25
1560,205,10.18,,0,14,2017-07-25
1560,291,4.3,,0,14,2017-07-25
1560,269,0,,0,14,2017-07-25
1560,301,25,,0,14,2017-07-25
1560,303,0.31,,0,14,2017-07-25
1560,304,10,,0,14,2017-07-25
1560,306,198,,0,14,2017-07-25
1560,307,1,,0,14,2017-07-25
1560,309,0.12,,0,14,2017-07-25
1560,401,27.7,,0,14,2017-07-25
1560,415,0.08,,0,14,2017-07-25
1560,418,0,,0,14,2017-07-25
1560,605,0.37,,0,14,2017-07-25
1560,324,0,,0,14,2017-07-25
1560,430,0,,0,14,2017-07-25
1560,601,0,,0,14,2017-07-25
1562,208,42,,0,14,2017-07-25
1562,203,0.77,,0,14,2017-07-25
1562,204,0.14,,0,14,2017-07-25
1562,606,0.021,,0,14,2017-07-25
1562,205,10.66,,0,14,2017-07-25
1562,291,1.6,,0,14,2017-07-25
1562,269,6.89,,0,14,2017-07-25
1562,301,22,,0,14,2017-07-25
1562,303,0.08,,0,14,2017-07-25
1562,304,9,,0,14,2017-07-25
1562,306,135,,0,14,2017-07-25
1562,307,0,,0,14,2017-07-25
1562,309,0.07,,0,14,2017-07-25
1562,401,31.2,,0,14,2017-07-25
1562,415,0.053,,0,14,2017-07-25
1562,418,0,,0,14,2017-07-25
1562,605,0.13,,0,14,2017-07-25
1562,324,0,,0,14,2017-07-25
1562,430,0,,0,14,2017-07-25
1562,601,0,,0,14,2017-07-25
816,208,203,,0,14,2017-07-25
816,203,27.37,,0,14,2017-07-25
816,204,10.4,,0,14,2017-07-25
816,606,2.669,,0,14,2017-07-25
816,205,0,,0,14,2017-07-25
816,291,0,,0,14,2017-07-25
816,269,0,,0,14,2017-07-25
816,301,28,,0,14,2017-07-25
816,303,1.52,,0,14,2017-07-25
816,304,30,,0,14,2017-07-25
816,306,294,,0,14,2017-07-25
816,307,78,,0,14,2017-07-25
816,309,3.11,,0,14,2017-07-25
816,401,0,,0,14,2017-07-25
816,415,0.633,,0,14,2017-07-25
816,418,1.34,,0,14,2017-07-25
816,605,0.11,,0,14,2017-07-25
816,324,8,,0,14,2017-07-25
816,430,0,,0,14,2017-07-25
816,601,93,,0,14,2017-07-25
742,208,138,,0,14,2017-07-25
742,203,28.99,,0,14,2017-07-25
742,204,2.48,,0,14,2017-07-25
742,606,0.673,,0,14,2017-07-25
742,205,0,,0,14,2017-07-25
742,291,0,,0,14,2017-07-25
742,269,0,,0,14,2017-07-25
742,301,6,,0,14,2017-07-25
742,303,0.78,,0,14,2017-07-25
742,304,35,,0,14,2017-07-25
742,306,339,,0,14,2017-07-25
742,307,59,,0,14,2017-07-25
742,309,2.19,,0,14,2017-07-25
742,401,0,,0,14,2017-07-25
742,415,0.908,,0,14,2017-07-25
742,418,0.67,,0,14,2017-07-25
742,605,0.09,,0,14,2017-07-25
742,324,8,,0,14,2017-07-25
742,430,0,,0,14,2017-07-25
742,601,65,,0,14,2017-07-25
1578,208,68,,0,14,2017-07-25
1578,203,2.55,,0,14,2017-07-25
1578,204,0.95,,0,14,2017-07-25
1578,606,0.272,,0,14,2017-07-25
1578,205,14.32,,0,14,2017-07-25
1578,291,5.4,,0,14,2017-07-25
1578,269,8.92,,0,14,2017-07-25
1578,301,18,,0,14,2017-07-25
1578,303,0.26,,0,14,2017-07-25
1578,304,22,,0,14,2017-07-25
1578,306,417,,0,14,2017-07-25
1578,307,2,,0,14,2017-07-25
1578,309,0.23,,0,14,2017-07-25
1578,401,228.3,,0,14,2017-07-25
1578,415,0.11,,0,14,2017-07-25
1578,418,0,,0,14,2017-07-25
1578,605,0.73,,0,14,2017-07-25
1578,324,0,,0,14,2017-07-25
1578,430,2.6,,0,14,2017-07-25
1578,601,0,,0,14,2017-07-25
3199,208,90,,0,14,2017-07-25
3199,203,19.99,,0,14,2017-07-25
3199,204,0.55,,0,14,2017-07-25
3199,606,0.111,,0,14,2017-07-25
3199,205,0,,0,14,2017-07-25
3199,291,0,,0,14,2017-07-25
3199,269,0,,0,14,2017-07-25
3199,301,14,,0,14,2017-07-25
3199,303,0.21,,0,14,2017-07-25
3199,304,26,,0,14,2017-07-25
3199,306,351,,0,14,2017-07-25
3199,307,261,,0,14,2017-07-25
3199,309,0.4,,0,14,2017-07-25
3199,401,0,,0,14,2017-07-25
3199,415,0.327,,0,14,2017-07-25
3199,418,2.13,,0,14,2017-07-25
3199,605,0.55,,0,14,2017-07-25
3199,324,23,,0,14,2017-07-25
3199,430,0.1,,0,14,2017-07-25
3199,601,66,,0,14,2017-07-25
3012,208,111,,0,14,2017-07-25
3012,203,22.54,,0,14,2017-07-25
3012,204,1.61,,0,14,2017-07-25
3012,606,0.354,,0,14,2017-07-25
3012,205,0,,0,14,2017-07-25
3012,291,0,,0,14,2017-07-25
3012,269,0,,0,14,2017-07-25
3012,301,9,,0,14,2017-07-25
3012,303,0.2,,0,14,2017-07-25
3012,304,28,,0,14,2017-07-25
3012,306,528,,0,14,2017-07-25
3012,307,82,,0,14,2017-07-25
3012,309,0.43,,0,14,2017-07-25
3012,401,0,,0,14,2017-07-25
3012,415,0.632,,0,14,2017-07-25
3012,418,1.27,,0,14,2017-07-25
3012,605,0.74,,0,14,2017-07-25
3012,324,231,,0,14,2017-07-25
3012,430,0,,0,14,2017-07-25
3012,601,60,,0,14,2017-07-25
3338,208,177,,0,14,2017-07-25
3338,203,4.86,,0,14,2017-07-25
3338,204,8.59,,0,14,2017-07-25
3338,606,1.141,,0,14,2017-07-25
3338,205,20.12,,0,14,2017-07-25
3338,291,4,,0,14,2017-07-25
3338,269,0.27,,0,14,2017-07-25
3338,301,49,,0,14,2017-07-25
3338,303,1.56,,0,14,2017-07-25
3338,304,29,,0,14,2017-07-25
3338,306,173,,0,14,2017-07-25
3338,307,242,,0,14,2017-07-25
3338,309,1.09,,0,14,2017-07-25
3338,401,7.9,,0,14,2017-07-25
3338,415,0.399,,0,14,2017-07-25
3338,418,0,,0,14,2017-07-25
3338,605,0.75,,0,14,2017-07-25
3338,324,0,,0,14,2017-07-25
3338,430,3,,0,14,2017-07-25
3338,601,0,,0,14,2017-07-25
2395,208,49,,0,14,2017-07-25
2395,203,4.28,,0,14,2017-07-25
2395,204,0.93,,0,14,2017-07-25
2395,606,0.091,,0,14,2017-07-25
2395,205,8.75,,0,14,2017-07-25
2395,291,3.6,,0,14,2017-07-25
2395,269,2.26,,0,14,2017-07-25
2395,301,150,,0,14,2017-07-25
2395,303,1.47,,0,14,2017-07-25
2395,304,47,,0,14,2017-07-25
2395,306,491,,0,14,2017-07-25
2395,307,38,,0,14,2017-07-25
2395,309,0.56,,0,14,2017-07-25
2395,401,120,,0,14,2017-07-25
2395,415,0.271,,0,14,2017-07-25
2395,418,0,,0,14,2017-07-25
2395,605,1.54,,0,14,2017-07-25
2395,324,0,,0,14,2017-07-25
2395,430,704.8,,0,14,2017-07-25
2395,601,0,,0,14,2017-07-25
1585,208,61,,0,14,2017-07-25
1585,203,1.14,,0,14,2017-07-25
1585,204,0.52,,0,14,2017-07-25
1585,606,0.029,,0,14,2017-07-25
1585,205,14.66,,0,14,2017-07-25
1585,291,3,,0,14,2017-07-25
1585,269,8.99,,0,14,2017-07-25
1585,301,34,,0,14,2017-07-25
1585,303,0.31,,0,14,2017-07-25
1585,304,17,,0,14,2017-07-25
1585,306,312,,0,14,2017-07-25
1585,307,3,,0,14,2017-07-25
1585,309,0.14,,0,14,2017-07-25
1585,401,92.7,,0,14,2017-07-25
1585,415,0.063,,0,14,2017-07-25
1585,418,0,,0,14,2017-07-25
1585,605,1.46,,0,14,2017-07-25
1585,324,0,,0,14,2017-07-25
1585,430,40.3,,0,14,2017-07-25
1585,601,0,,0,14,2017-07-25
1586,208,71,,0,14,2017-07-25
1586,203,1.88,,0,14,2017-07-25
1586,204,0.86,,0,14,2017-07-25
1586,606,0.103,,0,14,2017-07-25
1586,205,15.9,,0,14,2017-07-25
1586,291,6.5,,0,14,2017-07-25
1586,269,9.36,,0,14,2017-07-25
1586,301,62,,0,14,2017-07-25
1586,303,0.86,,0,14,2017-07-25
1586,304,20,,0,14,2017-07-25
1586,306,186,,0,14,2017-07-25
1586,307,10,,0,14,2017-07-25
1586,309,0.17,,0,14,2017-07-25
1586,401,43.9,,0,14,2017-07-25
1586,415,0.036,,0,14,2017-07-25
1586,418,0,,0,14,2017-07-25
1586,605,0.15,,0,14,2017-07-25
1586,324,0,,0,14,2017-07-25
1586,430,0,,0,14,2017-07-25
1586,601,0,,0,14,2017-07-25
2397,208,31,,0,14,2017-07-25
2397,203,0.81,,0,14,2017-07-25
2397,204,0.2,,0,14,2017-07-25
2397,606,0.027,,0,14,2017-07-25
2397,205,7.62,,0,14,2017-07-25
2397,291,1,,0,14,2017-07-25
2397,269,2.11,,0,14,2017-07-25
2397,301,30,,0,14,2017-07-25
2397,303,1.1,,0,14,2017-07-25
2397,304,14,,0,14,2017-07-25
2397,306,87,,0,14,2017-07-25
2397,307,10,,0,14,2017-07-25
2397,309,0.06,,0,14,2017-07-25
2397,401,4.2,,0,14,2017-07-25
2397,415,0.113,,0,14,2017-07-25
2397,418,0,,0,14,2017-07-25
2397,605,0.5,,0,14,2017-07-25
2397,324,0,,0,14,2017-07-25
2397,430,25.4,,0,14,2017-07-25
2397,601,0,,0,14,2017-07-25
2114,208,101,,0,14,2017-07-25
2114,203,8.8,,0,14,2017-07-25
2114,204,0.45,,0,14,2017-07-25
2114,606,0.053,,0,14,2017-07-25
2114,205,21.25,,0,14,2017-07-25
2114,291,0,,0,14,2017-07-25
2114,269,0,,0,14,2017-07-25
2114,301,14,,0,14,2017-07-25
2114,303,3.1,,0,14,2017-07-25
2114,304,35,,0,14,2017-07-25
2114,306,284,,0,14,2017-07-25
2114,307,10,,0,14,2017-07-25
2114,309,1.6,,0,14,2017-07-25
2114,401,12.6,,0,14,2017-07-25
2114,415,0.164,,0,14,2017-07-25
2114,418,0,,0,14,2017-07-25
2114,605,0,,0,14,2017-07-25
2114,324,0,,0,14,2017-07-25
2114,430,0,,0,14,2017-07-25
2114,601,0,,0,14,2017-07-25
2003,208,113,,0,14,2017-07-25
2003,203,6.84,,0,14,2017-07-25
2003,204,0.86,,0,14,2017-07-25
2003,606,0.198,,0,14,2017-07-25
2003,205,20.17,,0,14,2017-07-25
2003,291,4.9,,0,14,2017-07-25
2003,269,1.48,,0,14,2017-07-25
2003,301,34,,0,14,2017-07-25
2003,303,3.14,,0,14,2017-07-25
2003,304,58,,0,14,2017-07-25
2003,306,467,,0,14,2017-07-25
2003,307,8,,0,14,2017-07-25
2003,309,0.78,,0,14,2017-07-25
2003,401,23.4,,0,14,2017-07-25
2003,415,0.204,,0,14,2017-07-25
2003,418,0,,0,14,2017-07-25
2003,605,0.32,,0,14,2017-07-25
2003,324,0,,0,14,2017-07-25
2003,430,5.6,,0,14,2017-07-25
2003,601,0,,0,14,2017-07-25
4975,208,718,,0,14,2017-07-25
4975,203,7.79,,0,14,2017-07-25
4975,204,76.08,,0,14,2017-07-25
4975,606,11.947,,0,14,2017-07-25
4975,205,13.38,,0,14,2017-07-25
4975,291,8,,0,14,2017-07-25
4975,269,4.14,,0,14,2017-07-25
4975,301,70,,0,14,2017-07-25
4975,303,2.65,,0,14,2017-07-25
4975,304,118,,0,14,2017-07-25
4975,306,363,,0,14,2017-07-25
4975,307,4,,0,14,2017-07-25
4975,309,1.29,,0,14,2017-07-25
4975,401,0.7,,0,14,2017-07-25
4975,415,0.359,,0,14,2017-07-25
4975,418,0,,0,14,2017-07-25
4975,605,0.57,,0,14,2017-07-25
4975,324,0,,0,14,2017-07-25
4975,430,0,,0,14,2017-07-25
4975,601,0,,0,14,2017-07-25
1721,208,34,,0,14,2017-07-25
1721,203,0.84,,0,14,2017-07-25
1721,204,0.19,,0,14,2017-07-25
1721,606,0.051,,0,14,2017-07-25
1721,205,8.16,,0,14,2017-07-25
1721,291,0.9,,0,14,2017-07-25
1721,269,7.86,,0,14,2017-07-25
1721,301,9,,0,14,2017-07-25
1721,303,0.21,,0,14,2017-07-25
1721,304,12,,0,14,2017-07-25
1721,306,267,,0,14,2017-07-25
1721,307,16,,0,14,2017-07-25
1721,309,0.18,,0,14,2017-07-25
1721,401,36.7,,0,14,2017-07-25
1721,415,0.072,,0,14,2017-07-25
1721,418,0,,0,14,2017-07-25
1721,605,0.05,,0,14,2017-07-25
1721,324,0,,0,14,2017-07-25
1721,430,2.5,,0,14,2017-07-25
1721,601,0,,0,14,2017-07-25
63,208,42,,0,14,2017-07-25
63,203,3.37,,0,14,2017-07-25
63,204,0.97,,0,14,2017-07-25
63,606,0.633,,0,14,2017-07-25
63,205,4.99,,0,14,2017-07-25
63,291,0,,0,14,2017-07-25
63,269,5.2,,0,14,2017-07-25
63,301,125,,0,14,2017-07-25
63,303,0.03,,0,14,2017-07-25
63,304,11,,0,14,2017-07-25
63,306,150,,0,14,2017-07-25
63,307,44,,0,14,2017-07-25
63,309,0.42,,0,14,2017-07-25
63,401,0,,0,14,2017-07-25
63,415,0.037,,0,14,2017-07-25
63,418,0.47,,0,14,2017-07-25
63,605,0.01,,0,14,2017-07-25
63,324,48,,0,14,2017-07-25
63,430,0.1,,0,14,2017-07-25
63,601,5,,0,14,2017-07-25
2577,208,607,,0,14,2017-07-25
2577,203,19.5,,0,14,2017-07-25
2577,204,53.5,,0,14,2017-07-25
2577,606,8.01,,0,14,2017-07-25
2577,205,22.42,,0,14,2017-07-25
2577,291,6.4,,0,14,2017-07-25
2577,269,5,,0,14,2017-07-25
2577,301,87,,0,14,2017-07-25
2577,303,3.73,,0,14,2017-07-25
2577,304,227,,0,14,2017-07-25
2577,306,643,,0,14,2017-07-25
2577,307,4,,0,14,2017-07-25
2577,309,4.06,,0,14,2017-07-25
2577,401,0.8,,0,14,2017-07-25
2577,415,0.36,,0,14,2017-07-25
2577,418,0,,0,14,2017-07-25
2577,605,6.13,,0,14,2017-07-25
2577,324,0,,0,14,2017-07-25
2577,430,12,,0,14,2017-07-25
2577,601,0,,0,14,2017-07-25
3925,208,270,,0,14,2017-07-25
3925,203,7,,0,14,2017-07-25
3925,204,7.4,,0,14,2017-07-25
3925,606,1.087,,0,14,2017-07-25
3925,205,48.3,,0,14,2017-07-25
3925,291,4.6,,0,14,2017-07-25
3925,269,8.22,,0,14,2017-07-25
3925,301,63,,0,14,2017-07-25
3925,303,4.2,,0,14,2017-07-25
3925,304,157,,0,14,2017-07-25
3925,306,507,,0,14,2017-07-25
3925,307,393,,0,14,2017-07-25
3925,309,1.84,,0,14,2017-07-25
3925,401,0,,0,14,2017-07-25
3925,415,0.161,,0,14,2017-07-25
3925,418,0.01,,0,14,2017-07-25
3925,605,0.66,,0,14,2017-07-25
3925,324,0,,0,14,2017-07-25
3925,430,13,,0,14,2017-07-25
3925,601,0,,0,14,2017-07-25
502136,208,38,,0,14,2017-07-25
502136,203,1.49,,0,14,2017-07-25
502136,204,0.53,,0,14,2017-07-25
502136,606,0,,0,14,2017-07-25
502136,205,6.86,,0,14,2017-07-25
502136,291,3.8,,0,14,2017-07-25
502136,269,1.16,,0,14,2017-07-25
502136,301,15,,0,14,2017-07-25
502136,303,3.47,,0,14,2017-07-25
502136,304,13,,0,14,2017-07-25
502136,306,506,,0,14,2017-07-25
502136,307,9,,0,14,2017-07-25
502136,309,0.71,,0,14,2017-07-25
502136,401,0,,0,14,2017-07-25
502136,415,0.044,,0,14,2017-07-25
502136,418,0,,0,14,2017-07-25
502136,605,0,,0,14,2017-07-25
502136,324,212,,0,14,2017-07-25
502136,430,0,,0,14,2017-07-25
502136,601,0,,0,14,2017-07-25
5957,208,29,,0,14,2017-07-25
5957,203,3.28,,0,14,2017-07-25
5957,204,0.58,,0,14,2017-07-25
5957,606,0.064,,0,14,2017-07-25
5957,205,4.44,,0,14,2017-07-25
5957,291,2.2,,0,14,2017-07-25
5957,269,2.26,,0,14,2017-07-25
5957,301,3,,0,14,2017-07-25
5957,303,0.4,,0,14,2017-07-25
5957,304,13,,0,14,2017-07-25
5957,306,437,,0,14,2017-07-25
5957,307,11,,0,14,2017-07-25
5957,309,0.65,,0,14,2017-07-25
5957,401,0,,0,14,2017-07-25
5957,415,0.122,,0,14,2017-07-25
5957,418,0,,0,14,2017-07-25
5957,605,0,,0,14,2017-07-25
5957,324,14,,0,14,2017-07-25
5957,430,0,,0,14,2017-07-25
5957,601,0,,0,14,2017-07-25
3116,208,172,,0,14,2017-07-25
3116,203,23.8,,0,14,2017-07-25
3116,204,4.48,,0,14,2017-07-25
3116,606,0.85,,0,14,2017-07-25
3116,205,7.39,,0,14,2017-07-25
3116,291,0,,0,14,2017-07-25
3116,269,0,,0,14,2017-07-25
3116,301,33,,0,14,2017-07-25
3116,303,6.72,,0,14,2017-07-25
3116,304,37,,0,14,2017-07-25
3116,306,268,,0,14,2017-07-25
3116,307,369,,0,14,2017-07-25
3116,309,2.67,,0,14,2017-07-25
3116,401,13.6,,0,14,2017-07-25
3116,415,0.1,,0,14,2017-07-25
3116,418,24,,0,14,2017-07-25
3116,605,0,,0,14,2017-07-25
3116,324,0,,0,14,2017-07-25
3116,430,0,,0,14,2017-07-25
3116,601,56,,0,14,2017-07-25
2127,208,26,,0,14,2017-07-25
2127,203,2.56,,0,14,2017-07-25
2127,204,0.47,,0,14,2017-07-25
2127,606,0.012,,0,14,2017-07-25
2127,205,4.51,,0,14,2017-07-25
2127,291,2,,0,14,2017-07-25
2127,269,1.41,,0,14,2017-07-25
2127,301,118,,0,14,2017-07-25
2127,303,0.87,,0,14,2017-07-25
2127,304,13,,0,14,2017-07-25
2127,306,162,,0,14,2017-07-25
2127,307,9,,0,14,2017-07-25
2127,309,0.22,,0,14,2017-07-25
2127,401,25.3,,0,14,2017-07-25
2127,415,0.098,,0,14,2017-07-25
2127,418,0,,0,14,2017-07-25
2127,605,1.78,,0,14,2017-07-25
2127,324,0,,0,14,2017-07-25
2127,430,592.7,,0,14,2017-07-25
2127,601,0,,0,14,2017-07-25
2130,208,22,,0,14,2017-07-25
2130,203,2.2,,0,14,2017-07-25
2130,204,0.3,,0,14,2017-07-25
2130,606,0.015,,0,14,2017-07-25
2130,205,3.9,,0,14,2017-07-25
2130,291,2.8,,0,14,2017-07-25
2130,269,0,,0,14,2017-07-25
2130,301,210,,0,14,2017-07-25
2130,303,1.5,,0,14,2017-07-25
2130,304,11,,0,14,2017-07-25
2130,306,449,,0,14,2017-07-25
2130,307,21,,0,14,2017-07-25
2130,309,0.17,,0,14,2017-07-25
2130,401,130,,0,14,2017-07-25
2130,415,0.153,,0,14,2017-07-25
2130,418,0,,0,14,2017-07-25
2130,605,0,,0,14,2017-07-25
2130,324,0,,0,14,2017-07-25
2130,430,0,,0,14,2017-07-25
2130,601,0,,0,14,2017-07-25
193,208,525,,0,14,2017-07-25
193,203,5.84,,0,14,2017-07-25
193,204,36.31,,0,14,2017-07-25
193,606,25.94,,0,14,2017-07-25
193,205,49.29,,0,14,2017-07-25
193,291,20.8,,0,14,2017-07-25
193,269,2.99,,0,14,2017-07-25
193,301,184,,0,14,2017-07-25
193,303,3.04,,0,14,2017-07-25
193,304,183,,0,14,2017-07-25
193,306,350,,0,14,2017-07-25
193,307,16,,0,14,2017-07-25
193,309,2.15,,0,14,2017-07-25
193,401,3,,0,14,2017-07-25
193,415,0.16,,0,14,2017-07-25
193,418,0,,0,14,2017-07-25
193,605,0,,0,14,2017-07-25
193,324,0,,0,14,2017-07-25
193,430,0,,0,14,2017-07-25
193,601,0,,0,14,2017-07-25
502343,208,607,,0,14,2017-07-25
502343,203,20.04,,0,14,2017-07-25
502343,204,53.95,,0,14,2017-07-25
502343,606,8.711,,0,14,2017-07-25
502343,205,21.05,,0,14,2017-07-25
502343,291,7,,0,14,2017-07-25
502343,269,4.15,,0,14,2017-07-25
502343,301,117,,0,14,2017-07-25
502343,303,2.61,,0,14,2017-07-25
502343,304,229,,0,14,2017-07-25
502343,306,632,,0,14,2017-07-25
502343,307,161,,0,14,2017-07-25
502343,309,3.36,,0,14,2017-07-25
502343,401,0.5,,0,14,2017-07-25
502343,415,0.352,,0,14,2017-07-25
502343,418,0,,0,14,2017-07-25
502343,605,7.82,,0,14,2017-07-25
502343,324,0,,0,14,2017-07-25
502343,430,5.7,,0,14,2017-07-25
502343,601,0,,0,14,2017-07-25
4493,208,246,,0,14,2017-07-25
4493,203,17.3,,0,14,2017-07-25
4493,204,7.03,,0,14,2017-07-25
4493,606,1.328,,0,14,2017-07-25
4493,205,66.22,,0,14,2017-07-25
4493,291,15.4,,0,14,2017-07-25
4493,269,1.45,,0,14,2017-07-25
4493,301,58,,0,14,2017-07-25
4493,303,5.41,,0,14,2017-07-25
4493,304,235,,0,14,2017-07-25
4493,306,566,,0,14,2017-07-25
4493,307,4,,0,14,2017-07-25
4493,309,3.11,,0,14,2017-07-25
4493,401,0,,0,14,2017-07-25
4493,415,0.165,,0,14,2017-07-25
4493,418,0,,0,14,2017-07-25
4493,605,1.01,,0,14,2017-07-25
4493,324,0,,0,14,2017-07-25
4493,430,3.2,,0,14,2017-07-25
4493,601,0,,0,14,2017-07-25
4421,208,389,,0,14,2017-07-25
4421,203,16.89,,0,14,2017-07-25
4421,204,6.9,,0,14,2017-07-25
4421,606,1.217,,0,14,2017-07-25
4421,205,66.27,,0,14,2017-07-25
4421,291,10.6,,0,14,2017-07-25
4421,269,0,,0,14,2017-07-25
4421,301,54,,0,14,2017-07-25
4421,303,4.72,,0,14,2017-07-25
4421,304,177,,0,14,2017-07-25
4421,306,429,,0,14,2017-07-25
4421,307,2,,0,14,2017-07-25
4421,309,3.97,,0,14,2017-07-25
4421,401,0,,0,14,2017-07-25
4421,415,0.119,,0,14,2017-07-25
4421,418,0,,0,14,2017-07-25
4421,605,0,,0,14,2017-07-25
4421,324,0,,0,14,2017-07-25
4421,430,0,,0,14,2017-07-25
4421,601,0,,0,14,2017-07-25
420,208,892,,0,14,2017-07-25
420,203,0,,0,14,2017-07-25
420,204,99.06,,0,14,2017-07-25
420,606,82.475,,0,14,2017-07-25
420,205,0,,0,14,2017-07-25
420,291,0,,0,14,2017-07-25
420,269,0,,0,14,2017-07-25
420,301,1,,0,14,2017-07-25
420,303,0.05,,0,14,2017-07-25
420,304,0,,0,14,2017-07-25
420,306,0,,0,14,2017-07-25
420,307,0,,0,14,2017-07-25
420,309,0.02,,0,14,2017-07-25
420,401,0,,0,14,2017-07-25
420,415,0,,0,14,2017-07-25
420,418,0,,0,14,2017-07-25
420,605,0.11,,0,14,2017-07-25
420,324,0,,0,14,2017-07-25
420,430,0.6,,0,14,2017-07-25
420,601,0,,0,14,2017-07-25
422,208,884,,0,14,2017-07-25
422,203,0,,0,14,2017-07-25
422,204,100,,0,14,2017-07-25
422,606,13.808,,0,14,2017-07-25
422,205,0,,0,14,2017-07-25
422,291,0,,0,14,2017-07-25
422,269,0,,0,14,2017-07-25
422,301,1,,0,14,2017-07-25
422,303,0.56,,0,14,2017-07-25
422,304,0,,0,14,2017-07-25
422,306,1,,0,14,2017-07-25
422,307,2,,0,14,2017-07-25
422,309,0,,0,14,2017-07-25
422,401,0,,0,14,2017-07-25
422,415,0,,0,14,2017-07-25
422,418,0,,0,14,2017-07-25
422,605,14.35,,0,14,2017-07-25
422,324,0,,0,14,2017-07-25
422,430,60.2,,0,14,2017-07-25
422,601,0,,0,14,2017-07-25
2402,208,44,,0,14,2017-07-25
2402,203,1.36,,0,14,2017-07-25
2402,204,0.19,,0,14,2017-07-25
2402,606,0.031,,0,14,2017-07-25
2402,205,10.15,,0,14,2017-07-25
2402,291,1.4,,0,14,2017-07-25
2402,269,4.73,,0,14,2017-07-25
2402,301,22,,0,14,2017-07-25
2402,303,0.24,,0,14,2017-07-25
2402,304,11,,0,14,2017-07-25
2402,306,166,,0,14,2017-07-25
2402,307,3,,0,14,2017-07-25
2402,309,0.21,,0,14,2017-07-25
2402,401,5.2,,0,14,2017-07-25
2402,415,0.129,,0,14,2017-07-25
2402,418,0,,0,14,2017-07-25
2402,605,0.02,,0,14,2017-07-25
2402,324,0,,0,14,2017-07-25
2402,430,0.5,,0,14,2017-07-25
2402,601,0,,0,14,2017-07-25
1619,208,45,,0,14,2017-07-25
1619,203,0.7,,0,14,2017-07-25
1619,204,0.2,,0,14,2017-07-25
1619,606,0.024,,0,14,2017-07-25
1619,205,10.4,,0,14,2017-07-25
1619,291,0.2,,0,14,2017-07-25
1619,269,8.4,,0,14,2017-07-25
1619,301,11,,0,14,2017-07-25
1619,303,0.2,,0,14,2017-07-25
1619,304,11,,0,14,2017-07-25
1619,306,200,,0,14,2017-07-25
1619,307,1,,0,14,2017-07-25
1619,309,0.05,,0,14,2017-07-25
1619,401,50,,0,14,2017-07-25
1619,415,0.04,,0,14,2017-07-25
1619,418,0,,0,14,2017-07-25
1619,605,0.04,,0,14,2017-07-25
1619,324,0,,0,14,2017-07-25
1619,430,0.1,,0,14,2017-07-25
1619,601,0,,0,14,2017-07-25
1628,208,43,,0,14,2017-07-25
1628,203,0.47,,0,14,2017-07-25
1628,204,0.26,,0,14,2017-07-25
1628,606,0.081,,0,14,2017-07-25
1628,205,10.82,,0,14,2017-07-25
1628,291,1.7,,0,14,2017-07-25
1628,269,7.82,,0,14,2017-07-25
1628,301,20,,0,14,2017-07-25
1628,303,0.25,,0,14,2017-07-25
1628,304,21,,0,14,2017-07-25
1628,306,182,,0,14,2017-07-25
1628,307,8,,0,14,2017-07-25
1628,309,0.08,,0,14,2017-07-25
1628,401,60.9,,0,14,2017-07-25
1628,415,0.038,,0,14,2017-07-25
1628,418,0,,0,14,2017-07-25
1628,605,0.3,,0,14,2017-07-25
1628,324,0,,0,14,2017-07-25
1628,430,2.6,,0,14,2017-07-25
1628,601,0,,0,14,2017-07-25
2407,208,71,,0,14,2017-07-25
2407,203,1.32,,0,14,2017-07-25
2407,204,0.3,,0,14,2017-07-25
2407,606,0.05,,0,14,2017-07-25
2407,205,17.01,,0,14,2017-07-25
2407,291,3.6,,0,14,2017-07-25
2407,269,4.8,,0,14,2017-07-25
2407,301,37,,0,14,2017-07-25
2407,303,0.58,,0,14,2017-07-25
2407,304,29,,0,14,2017-07-25
2407,306,367,,0,14,2017-07-25
2407,307,10,,0,14,2017-07-25
2407,309,0.26,,0,14,2017-07-25
2407,401,13,,0,14,2017-07-25
2407,415,0.093,,0,14,2017-07-25
2407,418,0,,0,14,2017-07-25
2407,605,1,,0,14,2017-07-25
2407,324,0,,0,14,2017-07-25
2407,430,1,,0,14,2017-07-25
2407,601,0,,0,14,2017-07-25
1630,208,97,,0,14,2017-07-25
1630,203,2.2,,0,14,2017-07-25
1630,204,0.7,,0,14,2017-07-25
1630,606,0.059,,0,14,2017-07-25
1630,205,23.38,,0,14,2017-07-25
1630,291,10.4,,0,14,2017-07-25
1630,269,11.2,,0,14,2017-07-25
1630,301,12,,0,14,2017-07-25
1630,303,1.6,,0,14,2017-07-25
1630,304,29,,0,14,2017-07-25
1630,306,348,,0,14,2017-07-25
1630,307,28,,0,14,2017-07-25
1630,309,0.1,,0,14,2017-07-25
1630,401,30,,0,14,2017-07-25
1630,415,0.1,,0,14,2017-07-25
1630,418,0,,0,14,2017-07-25
1630,605,0.02,,0,14,2017-07-25
1630,324,0,,0,14,2017-07-25
1630,430,0.7,,0,14,2017-07-25
1630,601,0,,0,14,2017-07-25
4517,208,149,,0,14,2017-07-25
4517,203,5.99,,0,14,2017-07-25
4517,204,1.71,,0,14,2017-07-25
4517,606,0.243,,0,14,2017-07-25
4517,205,30.07,,0,14,2017-07-25
4517,291,3.9,,0,14,2017-07-25
4517,269,0.75,,0,14,2017-07-25
4517,301,13,,0,14,2017-07-25
4517,303,1.72,,0,14,2017-07-25
4517,304,54,,0,14,2017-07-25
4517,306,96,,0,14,2017-07-25
4517,307,4,,0,14,2017-07-25
4517,309,1.34,,0,14,2017-07-25
4517,401,0,,0,14,2017-07-25
4517,415,0.093,,0,14,2017-07-25
4517,418,0,,0,14,2017-07-25
4517,605,0.23,,0,14,2017-07-25
4517,324,0,,0,14,2017-07-25
4517,430,0.6,,0,14,2017-07-25
4517,601,0,,0,14,2017-07-25
3309,208,589,,0,14,2017-07-25
3309,203,24.06,,0,14,2017-07-25
3309,204,49.94,,0,14,2017-07-25
3309,606,7.607,,0,14,2017-07-25
3309,205,21.57,,0,14,2017-07-25
3309,291,8,,0,14,2017-07-25
3309,269,8.41,,0,14,2017-07-25
3309,301,45,,0,14,2017-07-25
3309,303,1.9,,0,14,2017-07-25
3309,304,160,,0,14,2017-07-25
3309,306,745,,0,14,2017-07-25
3309,307,486,,0,14,2017-07-25
3309,309,2.79,,0,14,2017-07-25
3309,401,0,,0,14,2017-07-25
3309,415,0.418,,0,14,2017-07-25
3309,418,0,,0,14,2017-07-25
3309,605,6.3,,0,14,2017-07-25
3309,324,0,,0,14,2017-07-25
3309,430,0.5,,0,14,2017-07-25
3309,601,0,,0,14,2017-07-25
3362,208,587,,0,14,2017-07-25
3362,203,24.35,,0,14,2017-07-25
3362,204,49.66,,0,14,2017-07-25
3362,606,7.723,,0,14,2017-07-25
3362,205,21.26,,0,14,2017-07-25
3362,291,8.4,,0,14,2017-07-25
3362,269,4.9,,0,14,2017-07-25
3362,301,58,,0,14,2017-07-25
3362,303,1.58,,0,14,2017-07-25
3362,304,178,,0,14,2017-07-25
3362,306,634,,0,14,2017-07-25
3362,307,6,,0,14,2017-07-25
3362,309,2.77,,0,14,2017-07-25
3362,401,0,,0,14,2017-07-25
3362,415,0.466,,0,14,2017-07-25
3362,418,0,,0,14,2017-07-25
3362,605,4.93,,0,14,2017-07-25
3362,324,0,,0,14,2017-07-25
3362,430,0,,0,14,2017-07-25
3362,601,0,,0,14,2017-07-25
3395,208,118,,0,14,2017-07-25
3395,203,8.34,,0,14,2017-07-25
3395,204,0.39,,0,14,2017-07-25
3395,606,0.054,,0,14,2017-07-25
3395,205,21.1,,0,14,2017-07-25
3395,291,8.3,,0,14,2017-07-25
3395,269,2.9,,0,14,2017-07-25
3395,301,14,,0,14,2017-07-25
3395,303,1.29,,0,14,2017-07-25
3395,304,36,,0,14,2017-07-25
3395,306,362,,0,14,2017-07-25
3395,307,2,,0,14,2017-07-25
3395,309,1,,0,14,2017-07-25
3395,401,0.4,,0,14,2017-07-25
3395,415,0.048,,0,14,2017-07-25
3395,418,0,,0,14,2017-07-25
3395,605,0.03,,0,14,2017-07-25
3395,324,0,,0,14,2017-07-25
3395,430,5,,0,14,2017-07-25
3395,601,0,,0,14,2017-07-25
198,208,251,,0,14,2017-07-25
198,203,10.39,,0,14,2017-07-25
198,204,3.26,,0,14,2017-07-25
198,606,1.392,,0,14,2017-07-25
198,205,63.95,,0,14,2017-07-25
198,291,25.3,,0,14,2017-07-25
198,269,0.64,,0,14,2017-07-25
198,301,443,,0,14,2017-07-25
198,303,9.71,,0,14,2017-07-25
198,304,171,,0,14,2017-07-25
198,306,1329,,0,14,2017-07-25
198,307,20,,0,14,2017-07-25
198,309,1.19,,0,14,2017-07-25
198,401,0,,0,14,2017-07-25
198,415,0.291,,0,14,2017-07-25
198,418,0,,0,14,2017-07-25
198,605,1.04,,0,14,2017-07-25
198,324,0,,0,14,2017-07-25
198,430,163.7,,0,14,2017-07-25
198,601,0,,0,14,2017-07-25
199,208,318,,0,14,2017-07-25
199,203,12.01,,0,14,2017-07-25
199,204,17.27,,0,14,2017-07-25
199,606,3.26,,0,14,2017-07-25
199,205,56.63,,0,14,2017-07-25
199,291,27.2,,0,14,2017-07-25
199,269,10.34,,0,14,2017-07-25
199,301,148,,0,14,2017-07-25
199,303,7.8,,0,14,2017-07-25
199,304,152,,0,14,2017-07-25
199,306,2014,,0,14,2017-07-25
199,307,30,,0,14,2017-07-25
199,309,2.48,,0,14,2017-07-25
199,401,76.4,,0,14,2017-07-25
199,415,2.45,,0,14,2017-07-25
199,418,0,,0,14,2017-07-25
199,605,29.83,,0,14,2017-07-25
199,324,0,,0,14,2017-07-25
199,430,80.3,,0,14,2017-07-25
199,601,0,,0,14,2017-07-25
4724,208,70,,0,14,2017-07-25
4724,203,3.75,,0,14,2017-07-25
4724,204,0.94,,0,14,2017-07-25
4724,606,0.246,,0,14,2017-07-25
4724,205,14.89,,0,14,2017-07-25
4724,291,8,,0,14,2017-07-25
4724,269,0,,0,14,2017-07-25
4724,301,243,,0,14,2017-07-25
4724,303,5.08,,0,14,2017-07-25
4724,304,80,,0,14,2017-07-25
4724,306,569,,0,14,2017-07-25
4724,307,31,,0,14,2017-07-25
4724,309,1.11,,0,14,2017-07-25
4724,401,31.8,,0,14,2017-07-25
4724,415,0.129,,0,14,2017-07-25
4724,418,0,,0,14,2017-07-25
4724,605,0,,0,14,2017-07-25
4724,324,0,,0,14,2017-07-25
4724,430,0,,0,14,2017-07-25
4724,601,0,,0,14,2017-07-25
1662,208,116,,0,14,2017-07-25
1662,203,0.79,,0,14,2017-07-25
1662,204,0.18,,0,14,2017-07-25
1662,606,0.069,,0,14,2017-07-25
1662,205,31.15,,0,14,2017-07-25
1662,291,2.3,,0,14,2017-07-25
1662,269,14,,0,14,2017-07-25
1662,301,2,,0,14,2017-07-25
1662,303,0.58,,0,14,2017-07-25
1662,304,32,,0,14,2017-07-25
1662,306,465,,0,14,2017-07-25
1662,307,5,,0,14,2017-07-25
1662,309,0.13,,0,14,2017-07-25
1662,401,10.9,,0,14,2017-07-25
1662,415,0.24,,0,14,2017-07-25
1662,418,0,,0,14,2017-07-25
1662,605,0.13,,0,14,2017-07-25
1662,324,0,,0,14,2017-07-25
1662,430,0.7,,0,14,2017-07-25
1662,601,0,,0,14,2017-07-25
1667,208,83,,0,14,2017-07-25
1667,203,1.67,,0,14,2017-07-25
1667,204,1.17,,0,14,2017-07-25
1667,606,0.12,,0,14,2017-07-25
1667,205,18.7,,0,14,2017-07-25
1667,291,4,,0,14,2017-07-25
1667,269,13.67,,0,14,2017-07-25
1667,301,10,,0,14,2017-07-25
1667,303,0.3,,0,14,2017-07-25
1667,304,12,,0,14,2017-07-25
1667,306,236,,0,14,2017-07-25
1667,307,3,,0,14,2017-07-25
1667,309,0.35,,0,14,2017-07-25
1667,401,10.2,,0,14,2017-07-25
1667,415,0.075,,0,14,2017-07-25
1667,418,0,,0,14,2017-07-25
1667,605,0.6,,0,14,2017-07-25
1667,324,0,,0,14,2017-07-25
1667,430,16.4,,0,14,2017-07-25
1667,601,0,,0,14,2017-07-25
4110,208,387,,0,14,2017-07-25
4110,203,12.94,,0,14,2017-07-25
4110,204,4.54,,0,14,2017-07-25
4110,606,0.637,,0,14,2017-07-25
4110,205,77.78,,0,14,2017-07-25
4110,291,14.5,,0,14,2017-07-25
4110,269,0.87,,0,14,2017-07-25
4110,301,7,,0,14,2017-07-25
4110,303,3.19,,0,14,2017-07-25
4110,304,144,,0,14,2017-07-25
4110,306,329,,0,14,2017-07-25
4110,307,8,,0,14,2017-07-25
4110,309,3.08,,0,14,2017-07-25
4110,401,0,,0,14,2017-07-25
4110,415,0.157,,0,14,2017-07-25
4110,418,0,,0,14,2017-07-25
4110,605,0.29,,0,14,2017-07-25
4110,324,0,,0,14,2017-07-25
4110,430,1.2,,0,14,2017-07-25
4110,601,0,,0,14,2017-07-25
201,208,525,,0,14,2017-07-25
201,203,17.99,,0,14,2017-07-25
201,204,41.56,,0,14,2017-07-25
201,606,4.517,,0,14,2017-07-25
201,205,28.13,,0,14,2017-07-25
201,291,19.5,,0,14,2017-07-25
201,269,2.99,,0,14,2017-07-25
201,301,1438,,0,14,2017-07-25
201,303,9.76,,0,14,2017-07-25
201,304,347,,0,14,2017-07-25
201,306,719,,0,14,2017-07-25
201,307,26,,0,14,2017-07-25
201,309,7.9,,0,14,2017-07-25
201,401,1,,0,14,2017-07-25
201,415,0.247,,0,14,2017-07-25
201,418,0,,0,14,2017-07-25
201,605,1.77,,0,14,2017-07-25
201,324,0,,0,14,2017-07-25
201,430,0,,0,14,2017-07-25
201,601,0,,0,14,2017-07-25
5706,208,97,,0,14,2017-07-25
5706,203,2.63,,0,14,2017-07-25
5706,204,0.13,,0,14,2017-07-25
5706,606,0.032,,0,14,2017-07-25
5706,205,21.44,,0,14,2017-07-25
5706,291,2.3,,0,14,2017-07-25
5706,269,1.08,,0,14,2017-07-25
5706,301,18,,0,14,2017-07-25
5706,303,1.07,,0,14,2017-07-25
5706,304,30,,0,14,2017-07-25
5706,306,550,,0,14,2017-07-25
5706,307,14,,0,14,2017-07-25
5706,309,0.35,,0,14,2017-07-25
5706,401,8.3,,0,14,2017-07-25
5706,415,0.354,,0,14,2017-07-25
5706,418,0,,0,14,2017-07-25
5706,605,0.07,,0,14,2017-07-25
5706,324,0,,0,14,2017-07-25
5706,430,2,,0,14,2017-07-25
5706,601,0,,0,14,2017-07-25
502444,208,396,,0,14,2017-07-25
502444,203,50,,0,14,2017-07-25
502444,204,12,,0,14,2017-07-25
502444,606,1.087,,0,14,2017-07-25
502444,205,22,,0,14,2017-07-25
502444,291,2,,0,14,2017-07-25
502444,269,4,,0,14,2017-07-25
502444,301,1200,,0,14,2017-07-25
502444,303,12,,0,14,2017-07-25
502444,304,280,,0,14,2017-07-25
502444,306,840,,0,14,2017-07-25
502444,307,250,,0,14,2017-07-25
502444,309,10,,0,14,2017-07-25
502444,401,42,,0,14,2017-07-25
502444,415,1.4,,0,14,2017-07-25
502444,418,4.2,,0,14,2017-07-25
502444,605,9.45,,0,14,2017-07-25
502444,324,280,,0,14,2017-07-25
502444,430,0.5,,0,14,2017-07-25
502444,601,10,,0,14,2017-07-25
1670,208,339,,0,14,2017-07-25
1670,203,3.7,,0,14,2017-07-25
1670,204,0.73,,0,14,2017-07-25
1670,606,0.059,,0,14,2017-07-25
1670,205,89.07,,0,14,2017-07-25
1670,291,0,,0,14,2017-07-25
1670,269,0,,0,14,2017-07-25
1670,301,72,,0,14,2017-07-25
1670,303,3.52,,0,14,2017-07-25
1670,304,64,,0,14,2017-07-25
1670,306,1058,,0,14,2017-07-25
1670,307,5,,0,14,2017-07-25
1670,309,0.75,,0,14,2017-07-25
1670,401,0,,0,14,2017-07-25
1670,415,0.745,,0,14,2017-07-25
1670,418,0,,0,14,2017-07-25
1670,605,0,,0,14,2017-07-25
1670,324,0,,0,14,2017-07-25
1670,430,0,,0,14,2017-07-25
1670,601,0,,0,14,2017-07-25
2517,208,574,,0,14,2017-07-25
2517,203,29.84,,0,14,2017-07-25
2517,204,49.05,,0,14,2017-07-25
2517,606,8.544,,0,14,2017-07-25
2517,205,14.71,,0,14,2017-07-25
2517,291,6.5,,0,14,2017-07-25
2517,269,1.29,,0,14,2017-07-25
2517,301,52,,0,14,2017-07-25
2517,303,8.07,,0,14,2017-07-25
2517,304,550,,0,14,2017-07-25
2517,306,788,,0,14,2017-07-25
2517,307,18,,0,14,2017-07-25
2517,309,7.64,,0,14,2017-07-25
2517,401,1.8,,0,14,2017-07-25
2517,415,0.1,,0,14,2017-07-25
2517,418,0,,0,14,2017-07-25
2517,605,0.56,,0,14,2017-07-25
2517,324,0,,0,14,2017-07-25
2517,430,4.5,,0,14,2017-07-25
2517,601,0,,0,14,2017-07-25
1745,208,299,,0,14,2017-07-25
1745,203,3.07,,0,14,2017-07-25
1745,204,0.46,,0,14,2017-07-25
1745,606,0.058,,0,14,2017-07-25
1745,205,79.18,,0,14,2017-07-25
1745,291,3.7,,0,14,2017-07-25
1745,269,59.19,,0,14,2017-07-25
1745,301,50,,0,14,2017-07-25
1745,303,1.88,,0,14,2017-07-25
1745,304,32,,0,14,2017-07-25
1745,306,749,,0,14,2017-07-25
1745,307,11,,0,14,2017-07-25
1745,309,0.22,,0,14,2017-07-25
1745,401,2.3,,0,14,2017-07-25
1745,415,0.174,,0,14,2017-07-25
1745,418,0,,0,14,2017-07-25
1745,605,0.12,,0,14,2017-07-25
1745,324,0,,0,14,2017-07-25
1745,430,3.5,,0,14,2017-07-25
1745,601,0,,0,14,2017-07-25
1747,208,52,,0,14,2017-07-25
1747,203,1.2,,0,14,2017-07-25
1747,204,0.65,,0,14,2017-07-25
1747,606,0.019,,0,14,2017-07-25
1747,205,11.94,,0,14,2017-07-25
1747,291,6.5,,0,14,2017-07-25
1747,269,4.42,,0,14,2017-07-25
1747,301,25,,0,14,2017-07-25
1747,303,0.69,,0,14,2017-07-25
1747,304,22,,0,14,2017-07-25
1747,306,151,,0,14,2017-07-25
1747,307,1,,0,14,2017-07-25
1747,309,0.42,,0,14,2017-07-25
1747,401,26.2,,0,14,2017-07-25
1747,415,0.055,,0,14,2017-07-25
1747,418,0,,0,14,2017-07-25
1747,605,0.87,,0,14,2017-07-25
1747,324,0,,0,14,2017-07-25
1747,430,7.8,,0,14,2017-07-25
1747,601,0,,0,14,2017-07-25
4497,208,123,,0,14,2017-07-25
4497,203,2.74,,0,14,2017-07-25
4497,204,0.97,,0,14,2017-07-25
4497,606,0.26,,0,14,2017-07-25
4497,205,25.58,,0,14,2017-07-25
4497,291,1.6,,0,14,2017-07-25
4497,269,0.24,,0,14,2017-07-25
4497,301,3,,0,14,2017-07-25
4497,303,0.56,,0,14,2017-07-25
4497,304,39,,0,14,2017-07-25
4497,306,86,,0,14,2017-07-25
4497,307,4,,0,14,2017-07-25
4497,309,0.71,,0,14,2017-07-25
4497,401,0,,0,14,2017-07-25
4497,415,0.123,,0,14,2017-07-25
4497,418,0,,0,14,2017-07-25
4497,605,0.17,,0,14,2017-07-25
4497,324,0,,0,14,2017-07-25
4497,430,0.2,,0,14,2017-07-25
4497,601,0,,0,14,2017-07-25
4723,208,131,,0,14,2017-07-25
4723,203,3.31,,0,14,2017-07-25
4723,204,5.86,,0,14,2017-07-25
4723,606,2.838,,0,14,2017-07-25
4723,205,20.7,,0,14,2017-07-25
4723,291,14.1,,0,14,2017-07-25
4723,269,0,,0,14,2017-07-25
4723,301,317,,0,14,2017-07-25
4723,303,6.65,,0,14,2017-07-25
4723,304,91,,0,14,2017-07-25
4723,306,668,,0,14,2017-07-25
4723,307,26,,0,14,2017-07-25
4723,309,0.93,,0,14,2017-07-25
4723,401,21.8,,0,14,2017-07-25
4723,415,0.336,,0,14,2017-07-25
4723,418,0,,0,14,2017-07-25
4723,605,0,,0,14,2017-07-25
4723,324,0,,0,14,2017-07-25
4723,430,0,,0,14,2017-07-25
4723,601,0,,0,14,2017-07-25
205,208,310,,0,14,2017-07-25
205,203,11.43,,0,14,2017-07-25
205,204,5.85,,0,14,2017-07-25
205,606,1.586,,0,14,2017-07-25
205,205,65.37,,0,14,2017-07-25
205,291,3.9,,0,14,2017-07-25
205,269,0,,0,14,2017-07-25
205,301,111,,0,14,2017-07-25
205,303,11.1,,0,14,2017-07-25
205,304,264,,0,14,2017-07-25
205,306,1724,,0,14,2017-07-25
205,307,148,,0,14,2017-07-25
205,309,1.09,,0,14,2017-07-25
205,401,80.8,,0,14,2017-07-25
205,415,1.01,,0,14,2017-07-25
205,418,0,,0,14,2017-07-25
205,605,0,,0,14,2017-07-25
205,324,0,,0,14,2017-07-25
205,430,0,,0,14,2017-07-25
205,601,0,,0,14,2017-07-25
206,208,315,,0,14,2017-07-25
206,203,10.63,,0,14,2017-07-25
206,204,12.75,,0,14,2017-07-25
206,606,7.03,,0,14,2017-07-25
206,205,60.73,,0,14,2017-07-25
206,291,40.3,,0,14,2017-07-25
206,269,1.71,,0,14,2017-07-25
206,301,1652,,0,14,2017-07-25
206,303,28.12,,0,14,2017-07-25
206,304,428,,0,14,2017-07-25
206,306,1070,,0,14,2017-07-25
206,307,11,,0,14,2017-07-25
206,309,4.7,,0,14,2017-07-25
206,401,32.4,,0,14,2017-07-25
206,415,2.69,,0,14,2017-07-25
206,418,0,,0,14,2017-07-25
206,605,7.48,,0,14,2017-07-25
206,324,0,,0,14,2017-07-25
206,430,1714.5,,0,14,2017-07-25
206,601,0,,0,14,2017-07-25
3156,208,182,,0,14,2017-07-25
3156,203,25.44,,0,14,2017-07-25
3156,204,8.13,,0,14,2017-07-25
3156,606,1.257,,0,14,2017-07-25
3156,205,0,,0,14,2017-07-25
3156,291,0,,0,14,2017-07-25
3156,269,0,,0,14,2017-07-25
3156,301,15,,0,14,2017-07-25
3156,303,1.03,,0,14,2017-07-25
3156,304,37,,0,14,2017-07-25
3156,306,628,,0,14,2017-07-25
3156,307,56,,0,14,2017-07-25
3156,309,0.82,,0,14,2017-07-25
3156,401,0,,0,14,2017-07-25
3156,415,0.944,,0,14,2017-07-25
3156,418,3.05,,0,14,2017-07-25
3156,605,0,,0,14,2017-07-25
3156,324,0,,0,14,2017-07-25
3156,430,0,,0,14,2017-07-25
3156,601,71,,0,14,2017-07-25
503362,208,553,,0,14,2017-07-25
503362,203,31.56,,0,14,2017-07-25
503362,204,48.75,,0,14,2017-07-25
503362,606,4.6,,0,14,2017-07-25
503362,205,8.67,,0,14,2017-07-25
503362,291,4,,0,14,2017-07-25
503362,269,1.5,,0,14,2017-07-25
503362,301,70,,0,14,2017-07-25
503362,303,7.95,,0,14,2017-07-25
503362,304,700,,0,14,2017-07-25
503362,306,1200,,0,14,2017-07-25
503362,307,5,,0,14,2017-07-25
503362,309,9.9,,0,14,2017-07-25
503362,401,0.5,,0,14,2017-07-25
503362,415,0.6,,0,14,2017-07-25
503362,418,0,,0,14,2017-07-25
503362,605,0.8,,0,14,2017-07-25
503362,324,0,,0,14,2017-07-25
503362,430,0,,0,14,2017-07-25
503362,601,0,,0,14,2017-07-25
2608,208,570,,0,14,2017-07-25
2608,203,17.81,,0,14,2017-07-25
2608,204,48,,0,14,2017-07-25
2608,606,6.722,,0,14,2017-07-25
2608,205,26.19,,0,14,2017-07-25
2608,291,9.3,,0,14,2017-07-25
2608,269,0,,0,14,2017-07-25
2608,301,420,,0,14,2017-07-25
2608,303,2.51,,0,14,2017-07-25
2608,304,96,,0,14,2017-07-25
2608,306,414,,0,14,2017-07-25
2608,307,74,,0,14,2017-07-25
2608,309,4.64,,0,14,2017-07-25
2608,401,0,,0,14,2017-07-25
2608,415,0.149,,0,14,2017-07-25
2608,418,0,,0,14,2017-07-25
2608,605,0,,0,14,2017-07-25
2608,324,0,,0,14,2017-07-25
2608,430,0,,0,14,2017-07-25
2608,601,0,,0,14,2017-07-25
2209,208,141,,0,14,2017-07-25
2209,203,12.35,,0,14,2017-07-25
2209,204,6.4,,0,14,2017-07-25
2209,606,0.74,,0,14,2017-07-25
2209,205,11.05,,0,14,2017-07-25
2209,291,4.2,,0,14,2017-07-25
2209,269,0,,0,14,2017-07-25
2209,301,145,,0,14,2017-07-25
2209,303,2.5,,0,14,2017-07-25
2209,304,60,,0,14,2017-07-25
2209,306,539,,0,14,2017-07-25
2209,307,14,,0,14,2017-07-25
2209,309,0.91,,0,14,2017-07-25
2209,401,17,,0,14,2017-07-25
2209,415,0.06,,0,14,2017-07-25
2209,418,0,,0,14,2017-07-25
2209,605,0,,0,14,2017-07-25
2209,324,0,,0,14,2017-07-25
2209,430,0,,0,14,2017-07-25
2209,601,0,,0,14,2017-07-25
501527,208,33,,0,14,2017-07-25
501527,203,2.86,,0,14,2017-07-25
501527,204,1.61,,0,14,2017-07-25
501527,606,0.206,,0,14,2017-07-25
501527,205,1.74,,0,14,2017-07-25
501527,291,0.5,,0,14,2017-07-25
501527,269,0.41,,0,14,2017-07-25
501527,301,124,,0,14,2017-07-25
501527,303,0.46,,0,14,2017-07-25
501527,304,16,,0,14,2017-07-25
501527,306,120,,0,14,2017-07-25
501527,307,37,,0,14,2017-07-25
501527,309,0,,0,14,2017-07-25
501527,401,0,,0,14,2017-07-25
501527,415,0.049,,0,14,2017-07-25
501527,418,1.11,,0,14,2017-07-25
501527,605,0,,0,14,2017-07-25
501527,324,49,,0,14,2017-07-25
501527,430,0,,0,14,2017-07-25
501527,601,0,,0,14,2017-07-25
4519,208,130,,0,14,2017-07-25
4519,203,4.58,,0,14,2017-07-25
4519,204,0.63,,0,14,2017-07-25
4519,606,0.091,,0,14,2017-07-25
4519,205,26.15,,0,14,2017-07-25
4519,291,0,,0,14,2017-07-25
4519,269,0,,0,14,2017-07-25
4519,301,30,,0,14,2017-07-25
4519,303,1.04,,0,14,2017-07-25
4519,304,62,,0,14,2017-07-25
4519,306,58,,0,14,2017-07-25
4519,307,14,,0,14,2017-07-25
4519,309,1.08,,0,14,2017-07-25
4519,401,0,,0,14,2017-07-25
4519,415,0.096,,0,14,2017-07-25
4519,418,0,,0,14,2017-07-25
4519,605,0,,0,14,2017-07-25
4519,324,0,,0,14,2017-07-25
4519,430,0,,0,14,2017-07-25
4519,601,0,,0,14,2017-07-25
4725,208,44,,0,14,2017-07-25
4725,203,3.29,,0,14,2017-07-25
4725,204,0.73,,0,14,2017-07-25
4725,606,0.191,,0,14,2017-07-25
4725,205,8.41,,0,14,2017-07-25
4725,291,6.8,,0,14,2017-07-25
4725,269,0,,0,14,2017-07-25
4725,301,199,,0,14,2017-07-25
4725,303,11.87,,0,14,2017-07-25
4725,304,63,,0,14,2017-07-25
4725,306,458,,0,14,2017-07-25
4725,307,30,,0,14,2017-07-25
4725,309,1.09,,0,14,2017-07-25
4725,401,13.3,,0,14,2017-07-25
4725,415,0.158,,0,14,2017-07-25
4725,418,0,,0,14,2017-07-25
4725,605,0,,0,14,2017-07-25
4725,324,0,,0,14,2017-07-25
4725,430,0,,0,14,2017-07-25
4725,601,0,,0,14,2017-07-25
2213,208,23,,0,14,2017-07-25
2213,203,2.86,,0,14,2017-07-25
2213,204,0.39,,0,14,2017-07-25
2213,606,0.063,,0,14,2017-07-25
2213,205,3.63,,0,14,2017-07-25
2213,291,2.2,,0,14,2017-07-25
2213,269,0.42,,0,14,2017-07-25
2213,301,99,,0,14,2017-07-25
2213,303,2.71,,0,14,2017-07-25
2213,304,79,,0,14,2017-07-25
2213,306,558,,0,14,2017-07-25
2213,307,79,,0,14,2017-07-25
2213,309,0.53,,0,14,2017-07-25
2213,401,28.1,,0,14,2017-07-25
2213,415,0.195,,0,14,2017-07-25
2213,418,0,,0,14,2017-07-25
2213,605,2.03,,0,14,2017-07-25
2213,324,0,,0,14,2017-07-25
2213,430,482.9,,0,14,2017-07-25
2213,601,0,,0,14,2017-07-25
2219,208,23,,0,14,2017-07-25
2219,203,1.04,,0,14,2017-07-25
2219,204,0.39,,0,14,2017-07-25
2219,606,0.064,,0,14,2017-07-25
2219,205,3.79,,0,14,2017-07-25
2219,291,1.1,,0,14,2017-07-25
2219,269,2.48,,0,14,2017-07-25
2219,301,22,,0,14,2017-07-25
2219,303,0.37,,0,14,2017-07-25
2219,304,16,,0,14,2017-07-25
2219,306,177,,0,14,2017-07-25
2219,307,1,,0,14,2017-07-25
2219,309,0.22,,0,14,2017-07-25
2219,401,11.6,,0,14,2017-07-25
2219,415,0.078,,0,14,2017-07-25
2219,418,0,,0,14,2017-07-25
2219,605,0.12,,0,14,2017-07-25
2219,324,0,,0,14,2017-07-25
2219,430,4.4,,0,14,2017-07-25
2219,601,0,,0,14,2017-07-25
1749,208,32,,0,14,2017-07-25
1749,203,0.67,,0,14,2017-07-25
1749,204,0.3,,0,14,2017-07-25
1749,606,0.015,,0,14,2017-07-25
1749,205,7.68,,0,14,2017-07-25
1749,291,2,,0,14,2017-07-25
1749,269,4.89,,0,14,2017-07-25
1749,301,16,,0,14,2017-07-25
1749,303,0.41,,0,14,2017-07-25
1749,304,13,,0,14,2017-07-25
1749,306,153,,0,14,2017-07-25
1749,307,1,,0,14,2017-07-25
1749,309,0.14,,0,14,2017-07-25
1749,401,58.8,,0,14,2017-07-25
1749,415,0.047,,0,14,2017-07-25
1749,418,0,,0,14,2017-07-25
1749,605,0.29,,0,14,2017-07-25
1749,324,0,,0,14,2017-07-25
1749,430,2.2,,0,14,2017-07-25
1749,601,0,,0,14,2017-07-25
2526,208,584,,0,14,2017-07-25
2526,203,20.78,,0,14,2017-07-25
2526,204,51.46,,0,14,2017-07-25
2526,606,4.455,,0,14,2017-07-25
2526,205,20,,0,14,2017-07-25
2526,291,8.6,,0,14,2017-07-25
2526,269,2.62,,0,14,2017-07-25
2526,301,78,,0,14,2017-07-25
2526,303,5.25,,0,14,2017-07-25
2526,304,325,,0,14,2017-07-25
2526,306,645,,0,14,2017-07-25
2526,307,9,,0,14,2017-07-25
2526,309,5,,0,14,2017-07-25
2526,401,1.4,,0,14,2017-07-25
2526,415,1.345,,0,14,2017-07-25
2526,418,0,,0,14,2017-07-25
2526,605,35.17,,0,14,2017-07-25
2526,324,0,,0,14,2017-07-25
2526,430,0,,0,14,2017-07-25
2526,601,0,,0,14,2017-07-25
2241,208,90,,0,14,2017-07-25
2241,203,2.01,,0,14,2017-07-25
2241,204,0.15,,0,14,2017-07-25
2241,606,0.052,,0,14,2017-07-25
2241,205,20.71,,0,14,2017-07-25
2241,291,3.3,,0,14,2017-07-25
2241,269,6.48,,0,14,2017-07-25
2241,301,38,,0,14,2017-07-25
2241,303,0.69,,0,14,2017-07-25
2241,304,27,,0,14,2017-07-25
2241,306,475,,0,14,2017-07-25
2241,307,36,,0,14,2017-07-25
2241,309,0.32,,0,14,2017-07-25
2241,401,19.6,,0,14,2017-07-25
2241,415,0.286,,0,14,2017-07-25
2241,418,0,,0,14,2017-07-25
2241,605,0.71,,0,14,2017-07-25
2241,324,0,,0,14,2017-07-25
2241,430,2.3,,0,14,2017-07-25
2241,601,0,,0,14,2017-07-25
501799,208,270,,0,14,2017-07-25
501799,203,18.82,,0,14,2017-07-25
501799,204,20.18,,0,14,2017-07-25
501799,606,2.918,,0,14,2017-07-25
501799,205,8.86,,0,14,2017-07-25
501799,291,3.9,,0,14,2017-07-25
501799,269,2.72,,0,14,2017-07-25
501799,301,372,,0,14,2017-07-25
501799,303,4.87,,0,14,2017-07-25
501799,304,60,,0,14,2017-07-25
501799,306,146,,0,14,2017-07-25
501799,307,16,,0,14,2017-07-25
501799,309,1.99,,0,14,2017-07-25
501799,401,0,,0,14,2017-07-25
501799,415,0.099,,0,14,2017-07-25
501799,418,0,,0,14,2017-07-25
501799,605,0.04,,0,14,2017-07-25
501799,324,0,,0,14,2017-07-25
501799,430,7.8,,0,14,2017-07-25
501799,601,0,,0,14,2017-07-25
2461,208,18,,0,14,2017-07-25
2461,203,0.95,,0,14,2017-07-25
2461,204,0.11,,0,14,2017-07-25
2461,606,0.015,,0,14,2017-07-25
2461,205,4.01,,0,14,2017-07-25
2461,291,0.7,,0,14,2017-07-25
2461,269,2.49,,0,14,2017-07-25
2461,301,11,,0,14,2017-07-25
2461,303,0.68,,0,14,2017-07-25
2461,304,9,,0,14,2017-07-25
2461,306,218,,0,14,2017-07-25
2461,307,11,,0,14,2017-07-25
2461,309,0.14,,0,14,2017-07-25
2461,401,22.8,,0,14,2017-07-25
2461,415,0.079,,0,14,2017-07-25
2461,418,0,,0,14,2017-07-25
2461,605,0.56,,0,14,2017-07-25
2461,324,0,,0,14,2017-07-25
2461,430,2.8,,0,14,2017-07-25
2461,601,0,,0,14,2017-07-25
3206,208,150,,0,14,2017-07-25
3206,203,22.92,,0,14,2017-07-25
3206,204,5.82,,0,14,2017-07-25
3206,606,1.619,,0,14,2017-07-25
3206,205,0,,0,14,2017-07-25
3206,291,0,,0,14,2017-07-25
3206,269,0,,0,14,2017-07-25
3206,301,86,,0,14,2017-07-25
3206,303,0.38,,0,14,2017-07-25
3206,304,31,,0,14,2017-07-25
3206,306,448,,0,14,2017-07-25
3206,307,56,,0,14,2017-07-25
3206,309,0.51,,0,14,2017-07-25
3206,401,2,,0,14,2017-07-25
3206,415,0.346,,0,14,2017-07-25
3206,418,6.3,,0,14,2017-07-25
3206,605,0,,0,14,2017-07-25
3206,324,0,,0,14,2017-07-25
3206,430,0,,0,14,2017-07-25
3206,601,69,,0,14,2017-07-25
3080,208,184,,0,14,2017-07-25
3080,203,29.91,,0,14,2017-07-25
3080,204,6.28,,0,14,2017-07-25
3080,606,1.612,,0,14,2017-07-25
3080,205,0,,0,14,2017-07-25
3080,291,0,,0,14,2017-07-25
3080,269,0,,0,14,2017-07-25
3080,301,10,,0,14,2017-07-25
3080,303,1.31,,0,14,2017-07-25
3080,304,64,,0,14,2017-07-25
3080,306,323,,0,14,2017-07-25
3080,307,50,,0,14,2017-07-25
3080,309,0.77,,0,14,2017-07-25
3080,401,0,,0,14,2017-07-25
3080,415,0.525,,0,14,2017-07-25
3080,418,10.88,,0,14,2017-07-25
3080,605,0,,0,14,2017-07-25
3080,324,0,,0,14,2017-07-25
3080,430,0,,0,14,2017-07-25
3080,601,49,,0,14,2017-07-25
3131,208,116,,0,14,2017-07-25
3131,203,25.51,,0,14,2017-07-25
3131,204,0.82,,0,14,2017-07-25
3131,606,0.234,,0,14,2017-07-25
3131,205,0,,0,14,2017-07-25
3131,291,0,,0,14,2017-07-25
3131,269,0,,0,14,2017-07-25
3131,301,11,,0,14,2017-07-25
3131,303,1.53,,0,14,2017-07-25
3131,304,27,,0,14,2017-07-25
3131,306,237,,0,14,2017-07-25
3131,307,50,,0,14,2017-07-25
3131,309,0.77,,0,14,2017-07-25
3131,401,0,,0,14,2017-07-25
3131,415,0.35,,0,14,2017-07-25
3131,418,2.99,,0,14,2017-07-25
3131,605,0,,0,14,2017-07-25
3131,324,0,,0,14,2017-07-25
3131,430,0,,0,14,2017-07-25
3131,601,30,,0,14,2017-07-25
502382,208,112,,0,14,2017-07-25
502382,203,13.5,,0,14,2017-07-25
502382,204,3,,0,14,2017-07-25
502382,606,0.118,,0,14,2017-07-25
502382,205,7.7,,0,14,2017-07-25
502382,291,0.4,,0,14,2017-07-25
502382,269,4,,0,14,2017-07-25
502382,301,16,,0,14,2017-07-25
502382,303,2.2,,0,14,2017-07-25
502382,304,20,,0,14,2017-07-25
502382,306,349,,0,14,2017-07-25
502382,307,1200,,0,14,2017-07-25
502382,309,2.1,,0,14,2017-07-25
502382,401,10,,0,14,2017-07-25
502382,415,0.294,,0,14,2017-07-25
502382,418,0.22,,0,14,2017-07-25
502382,605,0,,0,14,2017-07-25
502382,324,0,,0,14,2017-07-25
502382,430,0,,0,14,2017-07-25
502382,601,55,,0,14,2017-07-25
5702,208,109,,0,14,2017-07-25
5702,203,21.81,,0,14,2017-07-25
5702,204,0.83,,0,14,2017-07-25
5702,606,0.197,,0,14,2017-07-25
5702,205,3.51,,0,14,2017-07-25
5702,291,0.5,,0,14,2017-07-25
5702,269,3.51,,0,14,2017-07-25
5702,301,8,,0,14,2017-07-25
5702,303,0.63,,0,14,2017-07-25
5702,304,21,,0,14,2017-07-25
5702,306,211,,0,14,2017-07-25
5702,307,772,,0,14,2017-07-25
5702,309,1.33,,0,14,2017-07-25
5702,401,5.7,,0,14,2017-07-25
5702,415,0.128,,0,14,2017-07-25
5702,418,0.09,,0,14,2017-07-25
5702,605,0.09,,0,14,2017-07-25
5702,324,2,,0,14,2017-07-25
5702,430,0,,0,14,2017-07-25
5702,601,44,,0,14,2017-07-25
709,208,147,,0,14,2017-07-25
709,203,30.13,,0,14,2017-07-25
709,204,2.08,,0,14,2017-07-25
709,606,0.593,,0,14,2017-07-25
709,205,0,,0,14,2017-07-25
709,291,0,,0,14,2017-07-25
709,269,0,,0,14,2017-07-25
709,301,9,,0,14,2017-07-25
709,303,0.71,,0,14,2017-07-25
709,304,32,,0,14,2017-07-25
709,306,249,,0,14,2017-07-25
709,307,99,,0,14,2017-07-25
709,309,1.72,,0,14,2017-07-25
709,401,0,,0,14,2017-07-25
709,415,0.807,,0,14,2017-07-25
709,418,0.37,,0,14,2017-07-25
709,605,0.06,,0,14,2017-07-25
709,324,10,,0,14,2017-07-25
709,430,0,,0,14,2017-07-25
709,601,80,,0,14,2017-07-25
2262,208,22,,0,14,2017-07-25
2262,203,0.71,,0,14,2017-07-25
2262,204,0.08,,0,14,2017-07-25
2262,606,0.008,,0,14,2017-07-25
2262,205,5.06,,0,14,2017-07-25
2262,291,2,,0,14,2017-07-25
2262,269,2.99,,0,14,2017-07-25
2262,301,33,,0,14,2017-07-25
2262,303,0.18,,0,14,2017-07-25
2262,304,9,,0,14,2017-07-25
2262,306,177,,0,14,2017-07-25
2262,307,16,,0,14,2017-07-25
2262,309,0.12,,0,14,2017-07-25
2262,401,11.6,,0,14,2017-07-25
2262,415,0.067,,0,14,2017-07-25
2262,418,0,,0,14,2017-07-25
2262,605,0.02,,0,14,2017-07-25
2262,324,0,,0,14,2017-07-25
2262,430,0.1,,0,14,2017-07-25
2262,601,0,,0,14,2017-07-25
6196,208,88,,0,14,2017-07-25
6196,203,0.49,,0,14,2017-07-25
6196,204,0,,0,14,2017-07-25
6196,606,0,,0,14,2017-07-25
6196,205,17.03,,0,14,2017-07-25
6196,291,0,,0,14,2017-07-25
6196,269,14.95,,0,14,2017-07-25
6196,301,27,,0,14,2017-07-25
6196,303,0.72,,0,14,2017-07-25
6196,304,12,,0,14,2017-07-25
6196,306,112,,0,14,2017-07-25
6196,307,23,,0,14,2017-07-25
6196,309,0.08,,0,14,2017-07-25
6196,401,0,,0,14,2017-07-25
6196,415,0,,0,14,2017-07-25
6196,418,0,,0,14,2017-07-25
6196,605,0,,0,14,2017-07-25
6196,324,0,,0,14,2017-07-25
6196,430,0,,0,14,2017-07-25
6196,601,0,,0,14,2017-07-25
13,208,21,,0,14,2017-07-25
13,203,0,,0,14,2017-07-25
13,204,0,,0,14,2017-07-25
13,606,0,,0,14,2017-07-25
13,205,0.93,,0,14,2017-07-25
13,291,0,,0,14,2017-07-25
13,269,0.4,,0,14,2017-07-25
13,301,7,,0,14,2017-07-25
13,303,0.2,,0,14,2017-07-25
13,304,5,,0,14,2017-07-25
13,306,73,,0,14,2017-07-25
13,307,5,,0,14,2017-07-25
13,309,0.04,,0,14,2017-07-25
13,401,0,,0,14,2017-07-25
13,415,0,,0,14,2017-07-25
13,418,0,,0,14,2017-07-25
13,605,0,,0,14,2017-07-25
13,324,0,,0,14,2017-07-25
13,430,0,,0,14,2017-07-25
13,601,0,,0,14,2017-07-25
2284,208,116,,0,14,2017-07-25
2284,203,1.49,,0,14,2017-07-25
2284,204,0.14,,0,14,2017-07-25
2284,606,0.029,,0,14,2017-07-25
2284,205,27.48,,0,14,2017-07-25
2284,291,3.9,,0,14,2017-07-25
2284,269,0.49,,0,14,2017-07-25
2284,301,14,,0,14,2017-07-25
2284,303,0.52,,0,14,2017-07-25
2284,304,18,,0,14,2017-07-25
2284,306,670,,0,14,2017-07-25
2284,307,8,,0,14,2017-07-25
2284,309,0.2,,0,14,2017-07-25
2284,401,12.1,,0,14,2017-07-25
2284,415,0.228,,0,14,2017-07-25
2284,418,0,,0,14,2017-07-25
2284,605,0.34,,0,14,2017-07-25
2284,324,0,,0,14,2017-07-25
2284,430,2.3,,0,14,2017-07-25
2284,601,0,,0,14,2017-07-25
502776,208,59,,0,14,2017-07-25
502776,203,10.19,,0,14,2017-07-25
502776,204,0.39,,0,14,2017-07-25
502776,606,0.117,,0,14,2017-07-25
502776,205,3.6,,0,14,2017-07-25
502776,291,0,,0,14,2017-07-25
502776,269,3.24,,0,14,2017-07-25
502776,301,110,,0,14,2017-07-25
502776,303,0.07,,0,14,2017-07-25
502776,304,11,,0,14,2017-07-25
502776,306,141,,0,14,2017-07-25
502776,307,36,,0,14,2017-07-25
502776,309,0.52,,0,14,2017-07-25
502776,401,0,,0,14,2017-07-25
502776,415,0.063,,0,14,2017-07-25
502776,418,0.75,,0,14,2017-07-25
502776,605,0.01,,0,14,2017-07-25
502776,324,0,,0,14,2017-07-25
502776,430,0,,0,14,2017-07-25
502776,601,5,,0,14,2017-07-25
502163,208,63,,0,14,2017-07-25
502163,203,5.25,,0,14,2017-07-25
502163,204,1.55,,0,14,2017-07-25
502163,606,1,,0,14,2017-07-25
502163,205,7.04,,0,14,2017-07-25
502163,291,0,,0,14,2017-07-25
502163,269,7.04,,0,14,2017-07-25
502163,301,183,,0,14,2017-07-25
502163,303,0.08,,0,14,2017-07-25
502163,304,17,,0,14,2017-07-25
502163,306,234,,0,14,2017-07-25
502163,307,70,,0,14,2017-07-25
502163,309,0.89,,0,14,2017-07-25
502163,401,0.8,,0,14,2017-07-25
502163,415,0.049,,0,14,2017-07-25
502163,418,0.56,,0,14,2017-07-25
502163,605,0.03,,0,14,2017-07-25
502163,324,1,,0,14,2017-07-25
502163,430,0.2,,0,14,2017-07-25
502163,601,6,,0,14,2017-07-25
3208,208,371,,0,14,2017-07-25
3208,203,62.44,,0,14,2017-07-25
3208,204,13.44,,0,14,2017-07-25
3208,606,2.85,,0,14,2017-07-25
3208,205,0,,0,14,2017-07-25
3208,291,0,,0,14,2017-07-25
3208,269,0,,0,14,2017-07-25
3208,301,810,,0,14,2017-07-25
3208,303,4.1,,0,14,2017-07-25
3208,304,85,,0,14,2017-07-25
3208,306,1080,,0,14,2017-07-25
3208,307,0,,0,14,2017-07-25
3208,309,5,,0,14,2017-07-25
3208,401,0,,0,14,2017-07-25
3208,415,0.365,,0,14,2017-07-25
3208,418,18.4,,0,14,2017-07-25
3208,605,0.66,,0,14,2017-07-25
3208,324,0,,0,14,2017-07-25
3208,430,1.3,,0,14,2017-07-25
3208,601,266,,0,14,2017-07-25